<?xml version="1.0" encoding="utf-8"?>
<COLLADA xmlns="http://www.collada.org/2005/11/COLLADASchema" version="1.4.1">
  <asset>
    <created>2018-07-17T23:47:23Z</created>
    <modified>2018-07-17T23:47:23Z</modified>
  </asset>
  <library_images>
    <image id="Image">
      <init_from>./roomitems_013_color.png</init_from>
    </image>
    <image id="Image1">
      <init_from>./roomitems_013_alpha.png</init_from>
    </image>
    <image id="Image2">
      <init_from>./roomitem_s_kage.png</init_from>
    </image>
  </library_images>
  <library_materials>
    <material id="VisualMaterial" name="Mdl_0_Mtl_S013_all">
      <instance_effect url="#Effect"/>
      <extra>
        <technique profile="FCOLLADA">
          <user_properties>Mdl_0_Mtl_S013_all</user_properties>
        </technique>
      </extra>
    </material>
    <material id="VisualMaterial1" name="Mdl_0_Mtl_all_alpha">
      <instance_effect url="#Effect1"/>
      <extra>
        <technique profile="FCOLLADA">
          <user_properties>Mdl_0_Mtl_all_alpha</user_properties>
        </technique>
      </extra>
    </material>
    <material id="VisualMaterial2" name="Mdl_0_Mtl_test_lambert302">
      <instance_effect url="#Effect2"/>
      <extra>
        <technique profile="FCOLLADA">
          <user_properties>Mdl_0_Mtl_test_lambert302</user_properties>
        </technique>
      </extra>
    </material>
  </library_materials>
  <library_effects>
    <effect id="Effect" name="roomitems_013_color_png">
      <profile_COMMON>
        <newparam sid="Image-surface">
          <surface type="2D">
            <init_from>Image</init_from>
            <format>A8R8G8B8</format>
          </surface>
        </newparam>
        <newparam sid="Image-sampler">
          <sampler2D>
            <source>Image-surface</source>
            <wrap_s>WRAP</wrap_s>
            <wrap_t>WRAP</wrap_t>
            <minfilter>NONE</minfilter>
            <magfilter>NONE</magfilter>
            <mipfilter>NONE</mipfilter>
          </sampler2D>
        </newparam>
        <technique sid="common">
          <phong>
            <emission>
              <color>0 0 0 1</color>
            </emission>
            <ambient>
              <color>0 0 0 1</color>
            </ambient>
            <diffuse>
              <texture texture="Image-sampler" texcoord=""/>
            </diffuse>
            <specular>
              <color>1 1 1 1</color>
            </specular>
            <shininess>
              <float>0</float>
            </shininess>
            <transparent opaque="A_ONE">
              <color>0 0 0 1</color>
            </transparent>
            <transparency>
              <float>1</float>
            </transparency>
            <index_of_refraction>
              <float>1.55</float>
            </index_of_refraction>
          </phong>
          <extra>
            <technique profile="FCOLLADA">
              <spec_level>
                <float>0</float>
              </spec_level>
            </technique>
          </extra>
        </technique>
      </profile_COMMON>
      <extra>
        <technique profile="FCOLLADA">
          <user_properties>roomitems_013_color.png</user_properties>
        </technique>
      </extra>
    </effect>
    <effect id="Effect1" name="roomitems_013_alpha_png">
      <profile_COMMON>
        <newparam sid="Image1-surface">
          <surface type="2D">
            <init_from>Image1</init_from>
            <format>A8R8G8B8</format>
          </surface>
        </newparam>
        <newparam sid="Image1-sampler">
          <sampler2D>
            <source>Image1-surface</source>
            <wrap_s>WRAP</wrap_s>
            <wrap_t>WRAP</wrap_t>
            <minfilter>NONE</minfilter>
            <magfilter>NONE</magfilter>
            <mipfilter>NONE</mipfilter>
          </sampler2D>
        </newparam>
        <technique sid="common">
          <phong>
            <emission>
              <color>0 0 0 1</color>
            </emission>
            <ambient>
              <color>0 0 0 1</color>
            </ambient>
            <diffuse>
              <texture texture="Image1-sampler" texcoord=""/>
            </diffuse>
            <specular>
              <color>1 1 1 1</color>
            </specular>
            <shininess>
              <float>0</float>
            </shininess>
            <transparent opaque="A_ONE">
              <color>0 0 0 1</color>
            </transparent>
            <transparency>
              <float>1</float>
            </transparency>
            <index_of_refraction>
              <float>1.55</float>
            </index_of_refraction>
          </phong>
          <extra>
            <technique profile="FCOLLADA">
              <spec_level>
                <float>0</float>
              </spec_level>
            </technique>
          </extra>
        </technique>
      </profile_COMMON>
      <extra>
        <technique profile="FCOLLADA">
          <user_properties>roomitems_013_alpha.png</user_properties>
        </technique>
      </extra>
    </effect>
    <effect id="Effect2" name="roomitem_s_kage_png">
      <profile_COMMON>
        <newparam sid="Image2-surface">
          <surface type="2D">
            <init_from>Image2</init_from>
            <format>A8R8G8B8</format>
          </surface>
        </newparam>
        <newparam sid="Image2-sampler">
          <sampler2D>
            <source>Image2-surface</source>
            <wrap_s>WRAP</wrap_s>
            <wrap_t>WRAP</wrap_t>
            <minfilter>NONE</minfilter>
            <magfilter>NONE</magfilter>
            <mipfilter>NONE</mipfilter>
          </sampler2D>
        </newparam>
        <technique sid="common">
          <phong>
            <emission>
              <color>0 0 0 1</color>
            </emission>
            <ambient>
              <color>0 0 0 1</color>
            </ambient>
            <diffuse>
              <texture texture="Image2-sampler" texcoord=""/>
            </diffuse>
            <specular>
              <color>1 1 1 1</color>
            </specular>
            <shininess>
              <float>0</float>
            </shininess>
            <transparent opaque="A_ONE">
              <color>0 0 0 1</color>
            </transparent>
            <transparency>
              <float>1</float>
            </transparency>
            <index_of_refraction>
              <float>1.55</float>
            </index_of_refraction>
          </phong>
          <extra>
            <technique profile="FCOLLADA">
              <spec_level>
                <float>0</float>
              </spec_level>
            </technique>
          </extra>
        </technique>
      </profile_COMMON>
      <extra>
        <technique profile="FCOLLADA">
          <user_properties>roomitem_s_kage.png</user_properties>
        </technique>
      </extra>
    </effect>
  </library_effects>
  <library_geometries>
    <geometry id="Geometry" name="_0_0">
      <mesh>
        <source id="GeometrySource" name="_0_0Pos">
          <float_array id="GeometrySource-array" count="4209">0.064886 2.71691 0.457331 0.313192 2.66896 0.389723 0.064886 2.84819 0.401342 0.335647 2.8219 0.328066 0.064886 3.14924 0.36946 0.395315 3.14714 0.262915 -0.205874 2.8219 0.328066 -0.265542 3.14714 0.262915 -0.479348 3.03633 0.130663 0.473544 2.62499 0.295945 0.609122 3.03633 0.130663 0.53596 2.69981 0.213482 -0.183419 2.66896 0.389723 -0.34377 2.62499 0.295945 -0.406186 2.69981 0.213482 -0.1966 2.75868 0.354676 -0.135595 2.79458 0.367301 -0.197474 2.77745 0.352291 -0.14863 2.80574 0.36271 -0.241762 2.7867 0.324593 -0.251538 2.77087 0.322351 -0.278885 2.82688 0.300539 -0.261928 2.8303 0.308304 -0.251299 2.87639 0.309739 -0.261928 2.8303 0.308304 -0.241762 2.7867 0.324593 -0.205117 2.92309 0.322725 -0.263911 2.88852 0.302001 -0.203978 2.90394 0.325154 -0.251299 2.87639 0.309739 -0.153581 2.89241 0.344462 -0.141958 2.90543 0.345746 -0.120384 2.85361 0.362238 -0.138124 2.85053 0.356911 -0.197474 2.77745 0.352291 -0.203978 2.90394 0.325154 -0.14863 2.80574 0.36271 -0.153581 2.89241 0.344462 -0.138124 2.85053 0.356911 0.278403 2.80574 0.36271 0.265369 2.79458 0.367301 0.327248 2.77745 0.352291 0.326374 2.75868 0.354676 0.371536 2.7867 0.324593 0.381312 2.77087 0.322351 0.408659 2.82688 0.300539 0.391701 2.8303 0.308304 0.371536 2.7867 0.324593 0.391701 2.8303 0.308304 0.381072 2.87639 0.309739 0.381072 2.87639 0.309739 0.393684 2.88852 0.302001 0.333752 2.90394 0.325154 0.334891 2.92309 0.322725 0.283354 2.89241 0.344462 0.271731 2.90543 0.345746 0.250157 2.85361 0.362238 0.267897 2.85053 0.356911 0.327248 2.77745 0.352291 0.333752 2.90394 0.325154 0.278403 2.80574 0.36271 0.283354 2.89241 0.344462 0.267897 2.85053 0.356911 -0.106134 3.05238 0.34773 -0.111204 3.06185 0.345283 -0.411666 2.93528 0.221325 -0.416166 2.94539 0.217546 0.545939 2.94539 0.217546 0.240977 3.06185 0.345283 0.541439 2.93528 0.221325 0.235908 3.05238 0.34773 -0.342151 2.61572 0.307357 -0.321759 2.61611 0.329161 -0.265471 2.7136 0.328366 -0.251718 2.70217 0.345168 -0.259086 2.59261 0.386664 -0.250885 2.63481 0.367576 -0.275744 2.58104 0.376708 -0.262683 2.65081 0.353555 -0.228202 2.58166 0.407946 -0.215069 2.56089 0.416288 -0.288608 2.50943 0.365973 -0.295098 2.48739 0.351459 -0.1561 2.51416 0.435323 -0.136726 2.48892 0.429821 -0.132873 2.58739 0.447792 -0.153876 2.58019 0.438501 -0.156994 2.65431 0.417487 -0.137392 2.67646 0.417178 -0.198573 2.59917 0.416261 -0.216521 2.60473 0.409053 0.248057 2.67067 0.426544 0.273757 2.66254 0.422202 0.337284 2.72875 0.358589 0.354992 2.71177 0.358448 0.356136 2.64894 0.378853 0.335751 2.66919 0.377538 0.357637 2.58759 0.404223 0.338939 2.56703 0.418932 0.258031 2.52704 0.44315 0.347506 2.48671 0.388151 0.281867 2.5438 0.434422 0.361935 2.50757 0.389341 0.397211 2.55943 0.388461 0.385247 2.58436 0.391727 0.436504 2.51395 0.35264 0.4484 2.49503 0.340146 0.441885 2.63405 0.32898 0.45347 2.64975 0.310234 0.417054 2.58943 0.367076 0.397748 2.60247 0.378111 -0.261726 2.37506 -0.145105 0.064886 2.28004 -0.314102 -0.061848 2.30893 -0.097697 0.064886 2.28787 -0.164621 0.41323 2.38136 0.079841 0.181437 2.31345 0.014332 0.191621 2.30893 -0.097697 0.535935 2.69981 0.213482 0.545629 2.59916 0.095422 0.609133 3.03631 0.130667 0.696763 2.94128 -0.146187 -0.283457 2.38136 0.079841 -0.051663 2.31345 0.014332 0.3915 2.37506 -0.145105 0.064886 2.28004 -0.314102 0.064886 2.28787 -0.164621 0.506797 2.48403 -0.101163 0.504891 2.48667 0.109578 0.629611 2.73615 -0.233758 -0.461036 2.72773 -0.414012 -0.494228 2.73716 -0.302195 -0.494228 2.73716 -0.302195 -0.591607 2.6051 -0.348002 -0.582811 2.75322 -0.323181 0.624001 2.73716 -0.302195 0.590809 2.72773 -0.414012 0.72138 2.6051 -0.348002 0.629611 2.73615 -0.233758 0.604095 2.46252 -0.214001 0.624001 2.73716 -0.302195 0.712585 2.75322 -0.323181 0.629611 2.73615 -0.233758 0.712585 2.75322 -0.323181 0.506797 2.48403 -0.101163 0.506797 2.48403 -0.101163 -0.56699 2.94128 -0.146187 -0.415856 2.59916 0.095422 -0.479359 3.03631 0.130667 -0.406161 2.69981 0.213482 -0.582811 2.75322 -0.323181 -0.499837 2.73615 -0.233758 -0.474321 2.46252 -0.214001 -0.499837 2.73615 -0.233758 -0.499837 2.73615 -0.233758 -0.377024 2.48403 -0.101163 -0.494228 2.73716 -0.302195 -0.375118 2.48667 0.109578 -0.377024 2.48403 -0.101163 -0.377024 2.48403 -0.101163 0.614307 3.24965 0.040766 0.064886 3.43157 0.243346 -0.484533 3.24965 0.040766 0.064886 3.14922 0.369443 0.178517 2.65518 0.461332 0.192058 2.50052 0.43147 0.161158 2.646 0.446683 -0.052656 2.41068 0.379918 -0.031458 2.64601 0.446693 -0.062284 2.50052 0.43147 -0.328755 2.52247 0.327926 -0.181539 2.52597 0.415333 0.064886 2.6685 0.475079 -0.048743 2.65518 0.461332 0.064886 2.30067 0.109151 -0.177472 2.38698 0.268338 -0.051681 2.31344 0.014359 -0.283457 2.38136 0.079841 0.182356 2.41068 0.379918 0.064886 2.40008 0.398044 0.196629 2.40337 0.381408 -0.066855 2.40337 0.381408 0.064886 2.36023 0.351857 0.458529 2.52247 0.327926 0.41323 2.38136 0.079841 0.504914 2.48666 0.109579 0.307246 2.38698 0.268338 0.181455 2.31344 0.014359 0.311312 2.52597 0.415333 0.54564 2.59918 0.09544 -0.415866 2.59918 0.09544 -0.375141 2.48666 0.109579 0.161158 2.646 0.446683 -0.031458 2.64601 0.446693 0.182356 2.41068 0.379918 -0.052656 2.41068 0.379918 -0.79001 2.42102 0.429818 -0.845949 2.4489 0.403346 -0.799073 2.41154 0.416448 -0.745196 2.50563 0.426594 -0.756205 2.50146 0.409341 -0.750348 2.48899 0.435731 -0.677871 2.35247 0.298365 -0.752487 2.49316 0.328657 -0.644894 2.38301 0.318634 -0.778765 2.4827 0.356969 -0.8136 2.52719 0.360648 -0.815012 2.50308 0.371719 -0.803136 2.38309 0.380869 -0.809435 2.37558 0.394538 -0.827338 2.39819 0.384595 -0.84468 2.39053 0.392418 -0.79929 2.38242 0.405735 -0.846259 2.41002 0.398524 -0.798012 2.3958 0.393571 -0.83416 2.41707 0.390954 -0.84678 2.53354 0.41346 -0.841458 2.51472 0.413868 -0.786809 2.4367 0.417273 -0.791956 2.42205 0.405799 -0.803136 2.38309 0.380869 -0.827338 2.39819 0.384595 -0.798012 2.3958 0.393571 -0.83416 2.41707 0.390954 -0.784119 2.45576 0.431925 -0.798136 2.44927 0.4368 -0.807355 2.4717 0.402892 -0.826777 2.46319 0.402487 -0.698943 2.46268 0.422703 -0.675367 2.33316 0.371537 -0.643466 2.37077 0.364427 -0.685648 2.48763 0.401314 -0.826626 2.51774 0.426661 -0.827806 2.53608 0.419643 -0.795828 2.5336 0.380006 -0.733773 2.49596 0.358108 -0.382134 2.1944 0.083174 -0.382134 2.1944 0.083174 -0.705265 2.32015 0.304534 -0.797484 2.46141 0.452739 -0.798136 2.44927 0.4368 -0.826777 2.46319 0.402487 -0.834992 2.48787 0.405632 -0.803745 2.4499 0.353723 -0.821044 2.43708 0.396209 -0.826191 2.45745 0.399742 -0.755162 2.48601 0.419148 -0.841458 2.51472 0.413868 -0.797349 2.50899 0.391178 -0.815012 2.50308 0.371719 -0.778765 2.4827 0.356969 -0.744317 2.47255 0.38386 -0.811705 2.37276 0.378192 -0.830825 2.41945 0.381723 -0.782337 2.46637 0.32326 -0.733773 2.49596 0.358108 -0.795828 2.5336 0.380006 -0.707629 2.48406 0.376015 -0.82365 2.39589 0.327815 -0.705467 2.30633 0.349565 -0.811705 2.37276 0.378192 -0.823219 2.36734 0.348577 -0.705467 2.30633 0.349565 -0.807467 2.4335 0.324432 -0.83129 2.4215 0.344853 -0.718409 2.46426 0.39601 -0.755162 2.48601 0.419148 -0.810481 2.49204 0.405111 -0.826191 2.45745 0.399742 -0.803745 2.4499 0.353723 -0.783524 2.47256 0.439431 -0.810481 2.49204 0.405111 -0.799073 2.41154 0.416448 -0.786809 2.4367 0.417273 -0.783524 2.47256 0.439431 -0.7717 2.44366 0.37725 -0.718409 2.46426 0.39601 -0.827806 2.53608 0.419643 -0.797214 2.41187 0.375367 -0.830825 2.41945 0.381723 -0.707629 2.48406 0.376015 -0.710643 2.35663 0.348224 -0.691554 2.34792 0.366128 -0.729496 2.33732 0.356159 -1.0568 3.43943 1.02824 -1.12436 3.4113 1.05853 -0.995996 3.41646 1.05729 -0.960605 2.95022 0.740308 -1.01885 2.94169 0.690403 -0.709189 2.32389 0.377493 -0.729496 2.33732 0.356159 -1.12436 3.4113 1.05853 -1.08701 3.20229 0.882601 -1.05409 3.38695 1.09116 -1.02522 3.17809 0.913014 -0.995996 3.41646 1.05729 -0.98805 3.28629 0.94839 -1.0568 3.43943 1.02824 -1.02777 3.22729 0.854019 -0.918588 2.96872 0.703419 -0.963017 2.98892 0.678535 -0.710643 2.35663 0.348224 -0.691554 2.34792 0.366128 -1.17274 3.22401 0.952048 -1.14283 3.26465 0.937012 -1.20242 3.2287 0.909596 -1.17274 3.22401 0.952048 -1.20242 3.2287 0.909596 -1.14283 3.26465 0.937012 -1.17519 3.27137 0.895271 -1.08701 3.20229 0.882601 -0.918588 2.96872 0.703419 -0.946521 3.39128 1.03416 -0.946521 3.39128 1.03416 -0.98805 3.28629 0.94839 -0.995996 3.41646 1.05729 -0.691554 2.34792 0.366128 -1.12436 3.4113 1.05853 -1.14283 3.26465 0.937012 -1.17519 3.27137 0.895271 -1.05409 3.38695 1.09116 -0.709189 2.32389 0.377493 0.835836 1.37565 0.148571 0.842551 1.39061 0.154085 0.839569 1.38802 0.170171 0.786957 1.32101 0.182668 0.797338 1.31582 0.168382 0.804563 1.32528 0.189359 0.807715 1.32923 0.171821 0.754376 1.43731 0.182015 0.739203 1.40886 0.171429 0.786957 1.32101 0.182668 0.827371 1.37783 0.164024 0.835836 1.37565 0.148571 0.79191 1.4432 0.128464 0.77678 1.45624 0.153236 0.564767 1.36597 0.190732 0.557273 1.36972 0.175968 0.563105 1.35697 0.162508 0.569929 1.35517 0.177407 0.585064 1.37116 0.149843 0.569929 1.35517 0.177407 0.601689 1.36661 0.169857 0.623268 1.41843 0.128896 0.789134 1.31291 0.222579 0.773476 1.30657 0.213035 0.78269 1.30257 0.200326 0.790543 1.31604 0.203677 0.739203 1.40886 0.171429 0.744332 1.41244 0.13847 0.772385 1.42606 0.115621 0.693904 1.56049 0.10158 0.768799 1.42451 0.148353 0.772385 1.42606 0.115621 0.807715 1.32923 0.171821 0.768799 1.42451 0.148353 0.827371 1.37783 0.164024 0.790543 1.31604 0.203677 0.714181 1.3958 0.160612 0.731711 1.3178 0.257513 0.744012 1.30694 0.243785 0.746275 1.32626 0.263723 0.751556 1.32593 0.247449 0.585976 1.41837 0.165776 0.599944 1.39283 0.189278 0.600677 1.51965 0.145785 0.601689 1.36661 0.169857 0.724016 1.42347 0.206503 0.657732 1.55538 0.154438 0.688752 1.41149 0.222341 0.473096 1.83558 0.026477 0.643263 1.4085 0.192078 0.731711 1.3178 0.257513 0.643263 1.4085 0.192078 0.707949 1.39197 0.192627 0.681887 1.37853 0.177471 0.773476 1.30657 0.213035 0.473096 1.83558 0.026477 0.639506 1.52471 0.087651 0.693904 1.56049 0.10158 0.707949 1.39197 0.192627 0.751556 1.32593 0.247449 0.406096 2.54225 -0.879661 0.383276 2.26906 -0.596377 0.064886 2.55619 -0.849142 0.064886 2.23702 -0.492802 0.33976 2.20615 -0.396143 -0.276322 2.54225 -0.879661 -0.253502 2.26906 -0.596377 -0.485786 2.48677 -0.654649 0.064886 2.55619 -0.849142 0.064886 2.23702 -0.492802 0.641974 2.40659 -0.328502 0.615559 2.48677 -0.654649 -0.209987 2.20615 -0.396143 0.288783 3.01063 -1.08718 0.064886 2.96212 -1.03427 -0.594657 2.89229 -0.7823 0.064886 2.25227 -0.174223 -0.126386 2.24678 -0.222009 0.25616 2.24678 -0.222009 0.064886 2.25227 -0.174223 0.507778 2.29393 -0.3005 0.489587 2.04926 -0.221403 0.395584 2.29524 -0.193615 0.461702 2.38475 -0.091094 -0.331929 2.38475 -0.091094 -0.5122 2.40659 -0.328502 -0.499837 2.73615 -0.233758 -0.265811 2.29524 -0.193615 -0.359814 2.04926 -0.221403 -0.378004 2.29393 -0.3005 -0.616987 2.58512 -0.508456 -0.15901 3.01063 -1.08718 -0.385738 3.17322 -1.0059 0.064886 2.96212 -1.03427 -0.088262 3.5472 -0.891425 -0.328497 3.52763 -0.814452 -0.125025 3.70066 -0.48539 0.72443 2.89229 -0.7823 0.74676 2.58512 -0.508456 0.837386 3.05574 -0.557789 0.515511 3.17322 -1.0059 0.218036 3.5472 -0.891425 0.458271 3.52763 -0.814452 0.254798 3.70066 -0.48539 0.064995 3.52141 -0.856483 0.064995 3.52141 -0.856483 0.064886 3.67711 -0.351775 0.064886 3.67711 -0.351775 0.468808 3.6241 -0.156772 0.064886 3.64098 0.087476 0.629611 2.73615 -0.233758 0.711523 3.00438 -0.043536 0.590343 2.66932 -0.039725 0.773447 3.34443 -0.41477 0.583862 3.55126 -0.504511 0.75787 3.29606 -0.744596 0.704697 3.37404 -0.671231 0.563741 3.54747 -0.554166 -0.581749 3.00438 -0.043536 -0.707613 3.05574 -0.557789 -0.628097 3.29606 -0.744596 -0.643673 3.34443 -0.41477 -0.339034 3.6241 -0.156772 -0.46057 2.66932 -0.039725 -0.454089 3.55126 -0.504511 0.064886 3.64098 0.087476 -0.331929 2.38475 -0.091094 0.064886 2.25227 -0.174223 0.064886 2.81227 -0.265054 0.064886 2.81227 -0.265054 0.064886 2.25227 -0.174223 0.461702 2.38475 -0.091094 0.629611 2.73615 -0.233758 -0.499837 2.73615 -0.233758 0.590343 2.66932 -0.039725 0.711523 3.00438 -0.043536 -0.46057 2.66932 -0.039725 -0.581749 3.00438 -0.043536 -0.557617 3.39428 -0.791556 -0.696145 3.39165 -1.02381 -0.687773 3.49667 -0.900561 -0.567821 3.31011 -0.845312 -0.702559 3.09466 -1.03021 -0.567821 3.31011 -0.845312 -0.799471 3.21674 -0.768913 -0.664028 3.32075 -0.713501 -0.702559 3.09466 -1.03021 -0.846582 2.53543 -1.12469 -0.664028 3.32075 -0.713501 -0.834822 3.37179 -0.797986 -0.799471 3.21674 -0.768913 -0.899609 3.43246 -1.00293 -1.20811 2.6546 -0.990047 -0.966926 2.68015 -0.660948 -0.846582 2.53543 -1.12469 -0.966926 2.68015 -0.660948 -0.980624 1.43574 -0.098915 -1.11744 1.41879 -0.068181 -0.991529 1.08778 0.084768 -1.08767 1.92386 -0.377719 -1.46538 1.76858 -0.811845 -1.08767 1.92386 -0.377719 -0.879116 1.69829 -1.05434 -0.879116 1.69829 -1.05434 -0.884873 1.144 -0.912326 -0.788465 1.21909 -0.776764 -0.516628 0.720069 -0.673056 -0.788465 1.21909 -0.776764 -0.516628 0.720069 -0.673056 -0.803231 0.945069 -0.697139 -0.803231 0.945069 -0.697139 -1.29023 0.693892 -0.355072 -0.744171 0.503656 -0.138095 -1.10368 1.25772 -0.111033 -1.10368 1.25772 -0.111033 -0.980624 1.43574 -0.098915 -0.991529 1.08778 0.084768 -1.51213 1.2597 -0.597773 -0.744171 0.503656 -0.138095 0.832333 3.09466 -1.03021 0.929245 3.21674 -0.768913 0.697594 3.31011 -0.845312 0.793802 3.32075 -0.713501 0.964596 3.37179 -0.797986 0.793802 3.32075 -0.713501 0.929245 3.21674 -0.768913 0.68739 3.39428 -0.791556 0.817546 3.49667 -0.900561 0.825919 3.39165 -1.02381 0.697594 3.31011 -0.845312 0.832333 3.09466 -1.03021 1.02938 3.43246 -1.00293 1.33889 2.64109 -0.987578 1.09846 2.67869 -0.661433 1.09846 2.67869 -0.661433 0.976239 2.53152 -1.12379 0.976239 2.53152 -1.12379 0.933405 1.13367 0.160385 1.10268 1.43983 -0.006925 0.96681 1.47107 -0.041186 0.747109 0.972125 -0.61835 1.19767 0.686277 -0.252166 0.631651 0.564919 -0.041041 1.13936 1.92648 -0.342727 0.436098 0.78201 -0.590717 0.747109 0.972125 -0.61835 0.768425 1.24124 -0.713342 0.858413 1.14843 -0.842139 0.436098 0.78201 -0.590717 1.50624 1.70902 -0.758439 1.13936 1.92648 -0.342727 0.921404 1.69071 -1.01285 0.921404 1.69071 -1.01285 0.768425 1.24124 -0.713342 1.06879 1.2796 -0.04079 1.06879 1.2796 -0.04079 0.96681 1.47107 -0.041186 0.933405 1.13367 0.160385 1.48771 1.20838 -0.516421 0.631651 0.564919 -0.041041 -0.224201 3.05551 -0.177187 0.651178 3.47124 -0.154812 0.673181 3.46833 -0.298029 0.777041 3.20526 -0.142382 -0.224201 3.05551 -0.177187 0.799807 3.20547 -0.286564 0.812442 2.84686 -0.264921 0.790439 2.84522 -0.117048 -0.224201 3.05551 -0.177187 0.805689 2.78377 0.001837 0.690936 2.81944 -0.013698 0.731946 2.61986 0.080696 0.620733 2.65847 0.063225 0.620733 2.65847 0.063225 0.690936 2.81944 -0.013698 0.576221 2.50091 -0.041054 0.688864 2.46414 -0.025575 0.576221 2.50091 -0.041054 0.731946 2.61986 0.080696 0.688864 2.46414 -0.025575 0.805689 2.78377 0.001837 0.89223 2.8313 -0.431704 0.77813 2.86638 -0.451733 0.843159 2.83477 -0.10458 0.726609 2.87046 -0.120236 0.843159 2.83477 -0.10458 0.89223 2.8313 -0.431704 0.814021 2.67733 -0.287737 0.726609 2.87046 -0.120236 0.573841 2.45178 -0.152701 0.77813 2.86638 -0.451733 0.624437 2.43888 -0.451539 0.732218 2.40157 -0.431162 0.624437 2.43888 -0.451539 0.741259 2.44588 -0.381359 0.732218 2.40157 -0.431162 0.683256 2.41332 -0.136984 0.573841 2.45178 -0.152701 0.683256 2.41332 -0.136984 0.624437 2.43888 -0.451539 0.732218 2.40157 -0.431162 0.711577 2.45535 -0.184476 0.81364 2.67723 -0.26593 0.802584 2.6824 -0.190622 0.743057 2.49832 -0.261955 0.731129 2.50298 -0.18678 0.743057 2.49832 -0.261955 0.731129 2.50298 -0.18678 0.724321 2.44977 -0.260567 0.712993 2.45485 -0.184263 0.828291 2.6712 -0.384408 0.818705 2.67458 -0.308606 0.761138 2.49409 -0.38179 0.749864 2.49728 -0.303994 0.731184 2.44911 -0.302718 0.742675 2.44534 -0.381078 0.749864 2.49728 -0.303994 0.761138 2.49409 -0.38179 0.353975 3.05551 -0.177187 -0.543407 3.46833 -0.298029 -0.521404 3.47124 -0.154812 -0.647268 3.20526 -0.142382 0.353975 3.05551 -0.177187 -0.670033 3.20547 -0.286564 -0.682669 2.84686 -0.264921 -0.660666 2.84522 -0.117048 0.353975 3.05551 -0.177187 -0.494663 2.43888 -0.451539 -0.648357 2.86638 -0.451733 -0.444067 2.45178 -0.152701 -0.596835 2.87046 -0.120236 -0.446448 2.50091 -0.041054 -0.561162 2.81944 -0.013698 -0.49096 2.65847 0.063225 -0.446448 2.50091 -0.041054 -0.49096 2.65847 0.063225 -0.55909 2.46414 -0.025575 -0.602173 2.61986 0.080696 -0.561162 2.81944 -0.013698 -0.675915 2.78377 0.001837 -0.675915 2.78377 0.001837 -0.55909 2.46414 -0.025575 -0.602173 2.61986 0.080696 -0.596835 2.87046 -0.120236 -0.713386 2.83477 -0.10458 -0.648357 2.86638 -0.451733 -0.762456 2.8313 -0.431704 -0.602445 2.40157 -0.431162 -0.494663 2.43888 -0.451539 -0.684248 2.67733 -0.287737 -0.762456 2.8313 -0.431704 -0.611486 2.44588 -0.381359 -0.713386 2.83477 -0.10458 -0.553483 2.41332 -0.136984 -0.444067 2.45178 -0.152701 -0.553483 2.41332 -0.136984 -0.494663 2.43888 -0.451539 -0.602445 2.40157 -0.431162 -0.581804 2.45535 -0.184476 -0.602445 2.40157 -0.431162 -0.601356 2.50298 -0.18678 -0.672811 2.6824 -0.190622 -0.613283 2.49832 -0.261955 -0.683867 2.67723 -0.26593 -0.613283 2.49832 -0.261955 -0.594548 2.44977 -0.260567 -0.601356 2.50298 -0.18678 -0.58322 2.45485 -0.184263 -0.60141 2.44911 -0.302718 -0.620091 2.49728 -0.303994 -0.612902 2.44534 -0.381078 -0.631365 2.49409 -0.38179 -0.698517 2.6712 -0.384408 -0.631365 2.49409 -0.38179 -0.688932 2.67458 -0.308606 -0.620091 2.49728 -0.303994 -0.453163 2.47796 0.038104 -0.454579 2.46101 -0.015771 -0.468521 2.524 0.044843 -0.506264 2.46041 0.044956 -0.522929 2.50657 0.051147 -0.508007 2.44339 -0.008041 -0.522929 2.50657 0.051147 -0.468521 2.524 0.044843 -0.608708 2.71692 -0.258536 -0.453163 2.47796 0.038104 -0.506264 2.46041 0.044956 -0.508007 2.44339 -0.008041 -0.454579 2.46101 -0.015771 -0.608708 2.71692 -0.258536 -0.608708 2.71692 -0.258536 -0.608708 2.71692 -0.258536 -0.243154 2.33318 0.261377 -0.472388 2.47886 0.025341 -0.247893 2.33362 0.272016 -0.485023 2.4882 0.034537 -0.170719 2.29276 0.289213 -0.239996 2.31746 0.237279 -0.161733 2.2941 0.267365 -0.167669 2.31411 0.304046 -0.247893 2.33362 0.272016 -0.24969 2.32186 0.263852 -0.156613 2.33166 0.292576 -0.23444 2.3571 0.264069 -0.239996 2.31746 0.237279 -0.161733 2.2941 0.267365 -0.24969 2.32186 0.263852 -0.489979 2.46985 0.023112 -0.472388 2.47886 0.025341 -0.243154 2.33318 0.261377 -0.239996 2.31746 0.237279 -0.24969 2.32186 0.263852 -0.613174 2.61562 0.028648 -0.667691 2.7385 -0.02361 -0.578372 2.50815 -0.03092 -0.575486 2.45703 -0.138874 -0.701948 2.78237 -0.145894 0.742948 2.61562 0.028648 0.708146 2.50815 -0.03092 0.797465 2.7385 -0.02361 0.831722 2.78237 -0.145894 0.705259 2.45703 -0.138874 0.853071 2.77893 -0.26945 0.84207 2.78374 -0.193634 0.831395 2.71791 -0.267851 0.820012 2.72205 -0.189948 0.867994 2.77364 -0.388103 0.858191 2.77697 -0.310631 0.845882 2.71169 -0.385473 0.836515 2.71588 -0.309067 -0.723298 2.77893 -0.26945 -0.701622 2.71791 -0.267851 -0.712296 2.78374 -0.193634 -0.690239 2.72205 -0.189948 -0.706741 2.71588 -0.309067 -0.728417 2.77697 -0.310631 -0.716109 2.71169 -0.385473 -0.738221 2.77364 -0.388103 0.83786 3.18447 -0.775856 0.827301 3.34129 -0.682328 -0.412829 2.81541 -0.074871 0.720694 3.27021 -0.919814 0.83786 3.18447 -0.775856 -0.412829 2.81541 -0.074871 0.720694 3.27021 -0.919814 0.827301 3.34129 -0.682328 0.83786 3.18447 -0.775856 0.704508 3.44719 -0.793522 -0.412829 2.81541 -0.074871 0.704508 3.44719 -0.793522 -0.708086 3.18447 -0.775856 0.542602 2.81541 -0.074871 -0.697528 3.34129 -0.682328 -0.590921 3.27021 -0.919814 0.542602 2.81541 -0.074871 -0.708086 3.18447 -0.775856 -0.590921 3.27021 -0.919814 -0.708086 3.18447 -0.775856 -0.697528 3.34129 -0.682328 -0.574734 3.44719 -0.793522 -0.574734 3.44719 -0.793522 -0.696014 2.98182 -0.659293 -0.776416 3.01515 -0.7094 -0.412766 3.21524 -1.02564 -0.492816 3.24271 -1.07383 -0.496882 3.66777 -0.820684 -0.41682 3.64162 -0.772625 -0.783355 3.44909 -0.459244 -0.703371 3.42181 -0.410734 -0.776416 3.01515 -0.7094 -0.696014 2.98182 -0.659293 0.825788 2.98182 -0.659293 0.542539 3.21524 -1.02564 0.90619 3.01515 -0.7094 0.622589 3.24271 -1.07383 0.626655 3.66777 -0.820684 0.546594 3.64162 -0.772625 0.913129 3.44909 -0.459244 0.833144 3.42181 -0.410734 0.90619 3.01515 -0.7094 0.825788 2.98182 -0.659293 -0.157049 3.70809 0.084735 -0.092401 3.75407 0.117486 0.063743 3.70975 -0.129391 -0.338355 3.26498 0.364024 -0.400007 3.17648 0.292431 -0.334815 2.9134 0.296724 -0.702656 3.21525 -0.232295 -0.40736 3.42065 -0.297363 -0.640732 2.75208 -0.04862 -0.351699 2.3539 0.275834 -0.427347 2.8275 0.237609 -0.52391 2.84119 0.301042 -0.193267 3.54861 0.253665 -0.129273 3.55789 0.420053 -0.187875 3.31933 0.259591 -0.532515 3.41703 0.269334 -0.40273 3.55002 0.211784 -0.631256 3.48985 0.232161 -0.385738 3.72078 0.068095 0.247282 3.2481 0.364 0.571281 3.41973 -0.253696 0.511154 2.95136 0.282702 0.002526 3.17735 0.559929 0.054212 3.36042 0.315405 0.096475 3.17189 0.447371 0.571281 3.41973 -0.253696 0.054212 3.36042 0.315405 -0.40736 3.42065 -0.297363 -0.187875 3.31933 0.259591 -0.373756 3.1452 0.230387 -0.334815 2.9134 0.296724 -0.400007 3.17648 0.292431 -0.617586 3.42941 0.12726 -0.791104 3.0739 0.285734 0.023876 3.61842 0.168053 0.200118 2.87818 0.441816 -0.687135 2.81474 0.235797 -0.523474 2.46649 0.139423 -0.183082 3.74243 0.029875 0.054212 3.36042 0.315405 -0.061848 3.10978 0.450962 0.096475 3.17189 0.447371 0.200118 2.87818 0.441816 -0.061848 3.10978 0.450962 0.064832 3.68637 -0.244269 0.239385 3.71717 -0.264856 0.063743 3.70975 -0.129391 -0.522657 3.54716 0.060969 -0.427347 2.8275 0.237609 -0.351699 2.3539 0.275834 -0.148771 3.73833 -0.104082 0.063743 3.70975 -0.129391 -0.522657 3.54716 0.060969 -0.617586 3.42941 0.12726 -0.285908 3.15541 0.28515 -0.285908 3.15541 0.28515 -0.709028 3.1825 0.178659 -0.558766 3.29479 0.305207 -0.183082 3.74243 0.029875 -0.157049 3.70809 0.084735 0.063743 3.70975 -0.129391 -0.619764 3.49524 0.032276 0.023876 3.61842 0.168053 0.054212 3.36042 0.315405 0.392698 3.44789 0.412971 0.247282 3.2481 0.364 -0.288141 3.52206 0.26313 -0.747425 3.29519 0.279427 -0.538506 3.51496 -0.313138 -0.357635 3.6961 -0.03458 0.063743 3.70975 -0.129391 0.064832 3.68637 -0.244269 -0.148771 3.73833 -0.104082 -0.198822 3.71059 -0.295714 -0.791104 3.0739 0.285734 -0.193267 3.54861 0.253665 -0.187875 3.31933 0.259591 -0.400007 3.17648 0.292431 0.683311 2.47287 0.106607 -0.40273 3.55002 0.211784 -0.288141 3.52206 0.26313 -0.357635 3.6961 -0.03458 -0.522657 3.54716 0.060969 -0.157049 3.70809 0.084735 0.601617 3.58884 -0.293233 -0.373756 3.1452 0.230387 0.148106 3.75787 0.125717 0.560334 3.6675 -0.027674 0.054212 3.36042 0.315405 0.614034 2.96909 0.323054 0.511154 2.95136 0.282702 0.683311 2.47287 0.106607 0.829598 2.9757 0.171362 0.865489 2.88186 -0.097197 0.750463 3.33294 0.121127 0.838965 3.2154 -0.259647 -0.373756 3.1452 0.230387 0.571281 3.41973 -0.253696 0.704551 2.95725 0.119831 0.618391 2.9633 0.175881 0.614851 2.55133 0.236432 0.511644 2.57487 0.278977 0.441496 2.40593 0.371249 0.611856 2.48154 0.157856 0.513115 2.48102 0.129455 0.754712 3.0038 -0.19933 0.650252 3.00324 -0.22544 0.513115 2.48102 0.129455 0.441496 2.40593 0.371249 0.511644 2.57487 0.278977 0.618391 2.9633 0.175881 -0.40669 1.36961 -0.023266 -0.40457 1.37345 0.241859 -0.451065 1.38078 0.32695 -0.324514 1.30289 -0.289998 -0.40669 1.36961 -0.023266 -0.503993 1.4063 -0.145352 0.44357 1.26696 0.292416 0.532617 1.3618 0.062141 0.648826 1.41533 0.015288 0.142565 1.16704 0.348056 0.176752 1.16239 0.409931 -0.188712 1.23841 0.331056 -0.167569 1.21736 0.397403 -0.089672 1.22569 -0.403738 -0.324514 1.30289 -0.289998 -0.325153 1.29902 -0.414476 0.532617 1.3618 0.062141 0.50132 1.32893 -0.237149 0.536007 1.33011 -0.335245 0.142565 1.16704 0.348056 0.44357 1.26696 0.292416 0.567107 1.29792 0.313203 0.068826 1.92099 0.006821 0.068826 1.92099 0.006821 0.068826 1.92099 0.006821 0.068826 1.92099 0.006821 0.068826 1.92099 0.006821 0.068826 1.92099 0.006821 -0.089672 1.22569 -0.403738 0.068826 1.92099 0.006821 0.068826 1.92099 0.006821 -0.064458 1.2076 -0.480173 0.226086 1.20418 -0.411231 0.068826 1.92099 0.006821 0.163845 1.19779 -0.485461 0.068826 1.92099 0.006821 0.068826 1.92099 0.006821 0.068826 1.92099 0.006821 0.068826 1.92099 0.006821 0.142565 1.16704 0.348056 0.068826 1.92099 0.006821 0.226086 1.20418 -0.411231 0.068826 1.92099 0.006821 0.068826 1.92099 0.006821 0.068826 1.92099 0.006821 0.176752 1.16239 0.409931 0.068826 1.92099 0.006821 0.142565 1.16704 0.348056 -0.188712 1.23841 0.331056 0.068635 1.74192 0.049428 0.44357 1.26696 0.292416 0.068635 1.74192 0.049428 -0.40457 1.37345 0.241859 0.068635 1.74192 0.049428 0.532617 1.3618 0.062141 0.44357 1.26696 0.292416 -0.40669 1.36961 -0.023266 0.068635 1.74192 0.049428 -0.324514 1.30289 -0.289998 0.068635 1.74192 0.049428 -0.089672 1.22569 -0.403738 0.50132 1.32893 -0.237149 0.068635 1.74192 0.049428 0.226086 1.20418 -0.411231 -0.089672 1.22569 -0.403738 0.392831 1.46845 -0.279139 0.403813 1.48612 -0.241601 0.314785 1.57849 -0.162558 0.33249 1.57611 -0.139381 0.55555 1.34935 0.316971 0.5519 1.30138 0.348041 0.322127 1.49789 0.26611 0.257247 1.4699 0.301025 0.658052 1.33839 0.108615 0.668864 1.3396 0.113243 0.562214 1.34861 0.323732 0.686595 1.29188 0.116282 0.5519 1.30138 0.348041 0.322531 1.49817 0.278839 0.257247 1.4699 0.301025 0.335504 1.5808 -0.143656 0.429343 1.49507 -0.248622 0.314785 1.57849 -0.162558 0.392831 1.46845 -0.279139 0.617647 1.40261 -0.205717 0.639354 1.3658 -0.24264 0.627468 1.40319 -0.210284 0.639354 1.3658 -0.24264 0.686595 1.29188 0.116282 -0.645762 2.35226 0.271238 -0.757659 2.5486 0.22923 -0.868672 2.40629 0.193981 -0.865766 2.25451 0.324379 -0.745882 2.28331 0.466415 -0.428044 2.09441 0.010754 -0.366346 2.08999 0.098441 -0.865766 2.25451 0.324379 -0.428044 2.09441 0.010754 -0.397124 2.19927 -0.034564 -0.366346 2.08999 0.098441 -0.330659 2.24493 0.017874 -0.745882 2.28331 0.466415 -0.366346 2.08999 0.098441 -0.294148 2.13926 0.155673 -0.294148 2.13926 0.155673 -0.27246 2.24283 0.098867 -0.632221 2.42407 0.506623 -0.637933 2.57778 0.370733 -0.434131 2.33261 0.118186 -0.637933 2.57778 0.370733 -0.27246 2.24283 0.098867 -0.632221 2.42407 0.506623 -0.662846 2.5387 0.259526 -0.715499 2.5175 0.204267 -0.765603 2.46246 0.180701 -0.757659 2.5486 0.22923 -0.868672 2.40629 0.193981 -0.397124 2.19927 -0.034564 -0.506592 2.27836 0.063179 -0.506592 2.27836 0.063179 -0.765603 2.46246 0.180701 -0.471539 2.31627 0.080073 -0.715499 2.5175 0.204267 -0.434131 2.33261 0.118186 -0.662846 2.5387 0.259526 -0.330659 2.24493 0.017874 -0.471539 2.31627 0.080073 0.33105 1.87484 0.039605 0.376592 1.87276 -0.052652 0.531891 1.35157 0.121695 0.376592 1.87276 -0.052652 0.33105 1.87484 0.039605 0.480211 1.96458 0.055302 0.40311 1.93718 0.109706 0.643263 1.53593 0.291242 0.742343 1.52817 0.302566 0.712494 1.57307 0.281088 0.628814 1.57783 0.108965 0.531891 1.35157 0.121695 0.656639 1.38395 -0.011486 0.460443 1.90332 -0.109279 0.521849 1.96246 -0.029771 0.460443 1.90332 -0.109279 0.656639 1.38395 -0.011486 0.376592 1.87276 -0.052652 0.819335 1.47832 -0.01179 0.521849 1.96246 -0.029771 0.76931 1.59087 0.230597 0.86293 1.55736 0.166825 0.573217 1.83253 0.096657 0.819335 1.47832 -0.01179 0.86293 1.55736 0.166825 0.742343 1.52817 0.302566 0.40311 1.93718 0.109706 0.48452 1.79419 0.140034 0.579971 1.43413 0.303354 0.48452 1.79419 0.140034 0.643263 1.53593 0.291242 0.533345 1.81986 0.131308 0.712494 1.57307 0.281088 0.579971 1.43413 0.303354 0.76931 1.59087 0.230597 0.573217 1.83253 0.096657 0.480211 1.96458 0.055302 0.533345 1.81986 0.131308 0.656639 1.38395 -0.011486 -0.745882 2.28331 0.466415 -0.153447 0.524094 -0.128293 -0.064078 0.521696 -0.093103 -0.206626 0.519699 -0.062216 -0.133234 0.608745 -0.129403 -0.196772 0.603544 -0.095996 -0.127855 1.14904 -0.117616 -0.268527 1.14681 -0.086332 -0.153447 0.524094 -0.128293 -0.196772 0.603544 -0.095996 -0.133234 0.608745 -0.129403 -0.206626 0.519699 -0.062216 -0.070988 0.604665 -0.09724 -0.153447 0.524094 -0.128293 -0.133234 0.608745 -0.129403 -0.064078 0.521696 -0.093103 -0.133234 0.608745 -0.129403 -0.127855 1.14904 -0.117616 -0.070988 0.604665 -0.09724 0.011344 1.14538 -0.066962 -0.133129 1.13883 0.02437 -0.133129 1.13883 0.02437 0.006872 1.13196 0.119807 -0.13704 1.1275 0.182051 -0.041169 0.598506 -0.026581 -0.041169 0.598506 -0.026581 -0.282452 1.1318 0.12242 -0.213906 0.59844 -0.024352 -0.18982 0.512154 0.061861 -0.213906 0.59844 -0.024352 -0.015918 0.514693 0.022648 -0.131497 0.505748 0.145755 -0.028455 0.507359 0.120934 -0.0682 0.508305 0.158431 -0.028455 0.507359 0.120934 -0.131497 0.505748 0.145755 -0.0682 0.508305 0.158431 -0.124052 0.634326 0.071605 -0.18982 0.512154 0.061861 -0.015918 0.514693 0.022648 -0.124052 0.634326 0.071605 0.392859 1.14162 -0.083125 0.253101 1.14919 -0.117695 0.25465 1.13892 0.024428 0.401303 1.12628 0.125973 0.254427 1.12759 0.182216 0.25465 1.13892 0.024428 0.253101 1.14919 -0.117695 0.112667 1.1509 -0.070284 0.24473 0.524166 -0.129509 0.301987 0.517798 -0.067103 0.157859 0.524751 -0.088472 0.299442 0.601393 -0.094749 0.236651 0.609142 -0.129782 0.301987 0.517798 -0.067103 0.24473 0.524166 -0.129509 0.299442 0.601393 -0.094749 0.24473 0.524166 -0.129509 0.157859 0.524751 -0.088472 0.173262 0.607608 -0.098914 0.173262 0.607608 -0.098914 0.236651 0.609142 -0.129782 0.236651 0.609142 -0.129782 0.236651 0.609142 -0.129782 0.314775 0.595646 -0.022381 0.314775 0.595646 -0.022381 0.293188 0.510545 0.057816 0.240366 0.505947 0.145391 0.112241 1.13748 0.116607 0.141446 0.602707 -0.028624 0.141446 0.602707 -0.028624 0.117261 0.519133 0.030217 0.178173 0.510641 0.162235 0.136023 0.511145 0.127456 0.240366 0.505947 0.145391 0.293188 0.510545 0.057816 0.117261 0.519133 0.030217 0.223808 0.635206 0.071916 0.136023 0.511145 0.127456 0.223808 0.635206 0.071916 0.178173 0.510641 0.162235 -0.311563 1.54249 0.297543 -0.14398 1.41363 0.371117 -0.185242 1.62386 0.247561 0.064886 1.56457 0.297958 0.175813 2.20324 0.055686 0.230568 2.22794 -0.070482 0.156102 2.27683 0.044121 0.191096 2.28568 -0.078989 0.136149 2.27906 -0.167005 0.064975 2.24371 -0.095276 0.191096 2.28568 -0.078989 0.156102 2.27683 0.044121 -0.061393 2.28569 -0.078991 -0.006456 2.27906 -0.167007 0.064886 2.27615 -0.18472 -0.026357 2.27683 0.044121 0.049969 2.26742 0.130931 0.079803 2.26742 0.130931 -0.061393 2.28569 -0.078991 -0.100654 2.22794 -0.070479 -0.026357 2.27683 0.044121 -0.046039 2.20324 0.055686 -0.138136 2.20888 -0.048779 -0.046039 2.20324 0.055686 -0.100654 2.22794 -0.070479 -0.18591 1.68059 -0.175573 -0.176805 1.42857 -0.389693 -0.290552 1.54358 -0.239439 0.306579 1.42857 -0.389693 0.316158 1.68059 -0.175573 0.420326 1.54358 -0.239439 0.136149 2.27906 -0.167005 0.145775 2.21142 -0.195894 0.064886 2.21253 -0.233004 0.064886 2.27615 -0.18472 0.064886 1.59187 -0.264646 0.065123 1.66262 -0.227275 -0.016001 2.21142 -0.195894 -0.006456 2.27906 -0.167007 0.254011 2.13126 -0.187564 0.064886 2.21253 -0.233004 0.145775 2.21142 -0.195894 -0.124238 2.13126 -0.187564 -0.016001 2.21142 -0.195894 -0.100654 2.22794 -0.070479 -0.138136 2.20888 -0.048779 0.269608 1.9759 -0.186392 0.064886 2.17958 0.118174 0.049969 2.26742 0.130931 0.079803 2.26742 0.130931 -0.13525 2.13284 0.082505 0.064886 2.17958 0.118174 0.175813 2.20324 0.055686 0.26791 2.20888 -0.048779 0.230568 2.22794 -0.070482 0.230568 2.22794 -0.070482 0.26791 2.20888 -0.048779 0.490455 1.59962 -0.005437 0.401563 1.67335 -0.007815 -0.139835 1.9759 -0.186392 -0.130785 1.99882 0.187713 0.064886 1.98999 0.236925 -0.345677 1.55301 0.156896 -0.360681 1.59962 -0.005437 -0.271315 1.67335 -0.007815 -0.167289 1.98815 0.083553 -0.271315 1.67335 -0.007815 -0.207524 1.92211 -0.051397 -0.207524 1.92211 -0.051397 0.315489 1.62386 0.247561 0.210112 1.35929 0.371117 0.422724 1.4752 0.297543 0.475451 1.55301 0.156896 0.265117 2.13284 0.082505 0.260549 1.99882 0.187712 0.337297 1.92211 -0.051397 0.297062 1.98815 0.083553 -0.360681 1.59962 -0.005437 0.064886 2.17958 0.118174 0.064886 2.17958 0.118174 0.490455 1.59962 -0.005437 0.475451 1.55301 0.156896 0.064709 1.64116 0.083542 0.064709 1.64116 0.083542 -0.345677 1.55301 0.156896 -0.360681 1.59962 -0.005437 0.420326 1.54358 -0.239439 0.064709 1.64116 0.083542 -0.176805 1.42857 -0.389693 0.064886 1.59187 -0.264646 -0.290552 1.54358 -0.239439 -0.360681 1.59962 -0.005437 0.306579 1.42857 -0.389693 0.422724 1.4752 0.297543 0.210112 1.35929 0.371117 -0.311563 1.54249 0.297543 0.064886 1.56457 0.297958 -0.14398 1.41363 0.371117 -0.006456 2.27906 -0.167007 0.064845 2.27615 -0.18472 -0.047625 2.23468 -0.243288 0.064992 2.23053 -0.292688 -0.061393 2.28569 -0.078991 -0.143999 2.23586 -0.096955 -0.117578 2.19737 0.067866 -0.026357 2.27683 0.044121 0.177564 2.23468 -0.243288 0.136149 2.27906 -0.167005 0.156131 2.27683 0.044121 0.247495 2.19738 0.067866 0.191096 2.28577 -0.078998 0.273847 2.23586 -0.096955 0.079913 2.26742 0.130931 0.049969 2.26742 0.130931 -0.039252 2.13381 0.195919 0.169335 2.13382 0.195919 0.215421 2.04927 0.177705 0.134035 2.04827 0.20056 0.218939 2.0306 0.188947 0.135254 2.02882 0.212874 0.150024 2.19534 0.155307 0.183698 2.16067 0.157193 0.188083 2.21882 0.100336 0.221646 2.19135 0.098148 0.214811 1.47063 0.209051 0.403867 1.40875 0.153207 0.392516 1.47063 0.12246 0.385616 1.47063 -0.079692 0.403867 1.40875 0.153207 0.392806 1.39562 -0.084855 0.392516 1.47063 0.12246 0.261744 1.36929 0.20961 -0.285563 1.43481 0.153207 -0.085037 1.47063 0.209051 -0.262743 1.47063 0.12246 -0.255843 1.47063 -0.079692 -0.285563 1.43481 0.153207 -0.262743 1.47063 0.12246 -0.131731 1.3693 0.209613 0.113508 1.30205 0.141954 0.016139 1.30123 0.141648 -0.263034 1.39611 -0.084673 -0.085037 1.47063 -0.177342 0.214811 1.47063 -0.177342 0.260984 1.34172 -0.134847 0.064886 1.47063 -0.157835 -0.131731 1.34171 -0.134848 0.121576 1.29106 -0.074788 0.007636 1.29027 -0.075079 0.269608 1.9759 -0.186392 0.254011 2.13126 -0.187564 0.385565 2.08545 -0.14353 0.337297 1.92211 -0.051397 0.269608 1.9759 -0.186392 0.342678 2.01118 -0.138093 0.391576 2.1241 -0.037369 0.5283 1.90145 -0.002576 0.26791 2.20888 -0.048779 0.360658 2.0996 0.047367 0.482969 1.89499 0.061143 0.319996 2.02316 0.032628 0.297062 1.98815 0.083553 0.265117 2.13284 0.082505 0.319514 1.99517 -0.049807 0.393061 1.831 0.019131 0.432557 1.83827 -0.031009 0.490077 1.86423 -0.053423 0.418372 1.86408 0.080557 -0.397737 2.1439 0.126198 -0.226362 2.05299 0.065521 -0.353397 2.18227 0.154583 -0.138136 2.20888 -0.048779 -0.206764 2.20073 -0.001737 -0.13525 2.13284 0.082505 -0.197144 2.14404 0.077848 -0.441321 2.19299 0.025932 -0.263246 2.08681 -0.094234 -0.440748 2.13597 0.074246 -0.252666 2.04254 -0.011052 -0.440748 2.13597 0.074246 -0.167289 1.98815 0.083553 -0.207524 1.92211 -0.051397 -0.341951 2.24633 0.116768 -0.387803 2.24288 0.057215 -0.238631 2.18089 -0.100775 -0.263246 2.08681 -0.094234 -0.139835 1.9759 -0.186392 -0.124238 2.13126 -0.187564 -0.139835 1.9759 -0.186392 0.016139 1.30123 0.141648 -0.007346 1.13287 0.107104 0.007636 1.29027 -0.075079 -0.003115 1.14484 -0.059855 -0.128211 1.14775 -0.099746 -0.131731 1.34171 -0.134848 -0.136391 1.12857 0.167113 -0.131731 1.3693 0.209613 -0.128211 1.14775 -0.099746 -0.257132 1.14588 -0.07346 -0.131731 1.34171 -0.134848 -0.263034 1.39611 -0.084673 -0.274902 1.1324 0.114122 -0.285563 1.43481 0.153207 0.113508 1.30205 0.141954 0.121576 1.29106 -0.074788 0.126784 1.13784 0.104234 0.12693 1.14981 -0.062839 0.254166 1.12861 0.167256 0.261744 1.36929 0.20961 0.252988 1.14791 -0.099815 0.260984 1.34172 -0.134847 0.392806 1.39562 -0.084855 0.381134 1.14114 -0.070518 0.260984 1.34172 -0.134847 0.252988 1.14791 -0.099815 0.393976 1.12716 0.117497 0.403867 1.40875 0.153207 -0.061862 2.30892 -0.097715 0.064886 2.28788 -0.164604 0.064886 2.06941 -0.043298 0.064886 2.06941 -0.043298 0.191636 2.30892 -0.097715 0.181455 2.31344 0.014359 0.064886 2.30067 0.109151 -0.051681 2.31344 0.014359 0.064886 2.28788 -0.164604 0.342678 2.01118 -0.138093 0.490077 1.86423 -0.053423 0.206292 1.51084 0.404653 0.060738 1.42321 0.403818 -0.082106 1.51122 0.404652 -0.082106 1.51122 0.404652 0.061098 1.51654 0.41719 -0.029721 1.83939 0.329829 0.064256 1.84193 0.347084 0.060738 1.42321 0.403818 0.15834 1.83935 0.329828 0.206292 1.51084 0.404653 -0.029721 1.83939 0.329829 0.15834 1.83935 0.329828 0.065056 2.1547 0.187846 0.035936 2.14498 0.161561 0.094201 2.14498 0.161561 0.094201 2.14498 0.161561 0.035936 2.14498 0.161561 0.065067 2.14703 0.207213 0.026266 2.13752 0.163302 0.103883 2.13752 0.163302 0.127103 2.18987 0.132101 0.103883 2.13752 0.163302 0.002924 2.18987 0.132101 0.064995 2.20578 0.169373 0.026266 2.13752 0.163302 0.002924 2.18987 0.132101 0.026266 2.13752 0.163302 0.073803 2.18229 0.159873 0.189127 2.21208 0.0523 0.118017 2.22018 0.130059 0.011936 2.22018 0.130059 -0.059109 2.21208 0.0523 0.056248 2.18229 0.159873 0.065862 2.14457 0.161364 0.10321 2.19907 0.106976 0.065842 2.20526 0.136342 0.028493 2.19907 0.106976 0.028493 2.19907 0.106976 0.10321 2.19907 0.106976 0.065862 2.14457 0.161364 0.066807 1.68956 0.397835 -0.067947 1.69009 0.380069 0.066557 1.67149 0.400691 -0.071473 1.67262 0.383251 -0.073973 1.64495 0.389311 0.066135 1.64295 0.406164 -0.071594 1.66302 0.385634 0.066415 1.66153 0.402823 -0.050226 1.70936 -0.211409 -0.047724 1.74323 -0.215576 0.065123 1.70825 -0.24141 0.065123 1.74665 -0.247425 0.177972 1.74323 -0.215576 0.180474 1.70936 -0.211409</float_array>
          <technique_common>
            <accessor source="#GeometrySource-array" count="1403" stride="3">
              <param name="X" type="float"/>
              <param name="Y" type="float"/>
              <param name="Z" type="float"/>
            </accessor>
          </technique_common>
        </source>
        <source id="GeometrySource1" name="_0_0Nrm">
          <float_array id="GeometrySource1-array" count="4209">0.000000 0.469979 0.882677 0.427558 0.298282 0.853359 0.000000 0.280086 0.959975 0.406998 0.179078 0.895703 0.000000 0.122387 0.992482 0.451189 0.298302 0.841097 -0.406999 0.179077 0.895702 -0.45119 0.298303 0.841097 -0.624979 0.076322 0.776902 0.633579 0.138181 0.761238 0.624978 0.076322 0.776902 0.853902 -0.058067 0.517184 -0.427559 0.298282 0.853359 -0.63358 0.13818 0.761238 -0.853902 -0.058067 0.517184 -0.42005 0.121846 0.899284 -0.247522 0.114111 0.962139 -0.37855 0.122831 0.917394 -0.280022 0.162467 0.946146 -0.478652 0.116613 0.870227 -0.450452 0.153621 0.879485 -0.436944 0.107682 0.89302 -0.455093 0.097205 0.885122 -0.449088 0.113187 0.886289 -0.455093 0.097205 0.885122 -0.478652 0.116613 0.870227 -0.337401 0.121336 0.933509 -0.410193 0.117685 0.904374 -0.354819 0.149801 0.922856 -0.449088 0.113187 0.886289 -0.3034 0.161804 0.939025 -0.29689 0.172411 0.939218 -0.285748 0.168087 0.943448 -0.295367 0.180797 0.938121 -0.37855 0.122831 0.917394 -0.354819 0.149801 0.922856 -0.280022 0.162467 0.946146 -0.3034 0.161804 0.939025 -0.295367 0.180797 0.938121 0.280022 0.162471 0.946145 0.247526 0.114118 0.962137 0.378551 0.122835 0.917393 0.42005 0.121846 0.899284 0.47865 0.116618 0.870227 0.450452 0.153621 0.879485 0.436933 0.107688 0.893025 0.455084 0.097211 0.885126 0.47865 0.116618 0.870227 0.455084 0.097211 0.885126 0.449087 0.113188 0.88629 0.449087 0.113188 0.88629 0.410195 0.117685 0.904373 0.354819 0.1498 0.922856 0.337399 0.121335 0.933509 0.303397 0.161804 0.939026 0.296888 0.17241 0.939219 0.285751 0.168089 0.943447 0.295367 0.180798 0.938121 0.378551 0.122835 0.917393 0.354819 0.1498 0.922856 0.280022 0.162471 0.946145 0.303397 0.161804 0.939026 0.295367 0.180798 0.938121 -0.39134 0.028162 0.919815 -0.410606 0.085685 0.907778 -0.410606 0.085685 0.907778 -0.428302 0.142882 0.892268 0.428301 0.142881 0.892269 0.410612 0.085702 0.907774 0.410612 0.085702 0.907774 0.391352 0.028196 0.919809 -0.765837 0.098465 0.635451 -0.678325 0.255264 0.688996 -0.636072 0.37276 0.67562 -0.594584 0.349203 0.724243 -0.617986 0.247683 0.746154 -0.547679 0.370917 0.749979 -0.570964 0.212071 0.793112 -0.48278 0.375459 0.791173 -0.449326 0.085079 0.889307 -0.453125 0.070405 0.888662 -0.682799 -0.180759 0.707893 -0.565477 -0.347719 0.747882 -0.298875 -0.284856 0.910786 -0.179217 -0.338898 0.923596 -0.293317 0.07974 0.952684 -0.430457 0.09779 0.897298 -0.439929 0.324073 0.83752 -0.400563 0.366201 0.839908 -0.342458 0.138174 0.929317 -0.336049 0.12536 0.933465 0.256932 0.252095 0.93297 0.303848 0.34711 0.887238 0.347441 0.454603 0.820134 0.397732 0.407962 0.821812 0.436204 0.467129 0.769101 0.366151 0.427777 0.826402 0.377812 0.253661 0.890458 0.386042 0.278161 0.879544 0.362301 -0.030131 0.931574 0.421252 -0.283525 0.861487 0.325873 -0.062856 0.943322 0.399972 -0.32554 0.856764 0.495001 0.148772 0.856061 0.531588 0.151608 0.833324 0.572668 -0.193139 0.796711 0.703889 -0.042594 0.709031 0.721289 0.225458 0.654912 0.621363 0.38067 0.684835 0.583446 0.184847 0.790836 0.581754 0.192567 0.790241 -0.587936 -0.797797 -0.133608 -0.000000 -1 0.000753 -0.255292 -0.966744 0.015215 0.000000 -0.998631 0.052308 0.52125 -0.8455 0.115881 0.264203 -0.962417 0.062849 0.255292 -0.966744 0.015215 0.964256 -0.157269 0.213254 0.946534 -0.28678 0.147755 0.910291 0.017764 0.413587 0.982277 -0.171875 0.07477 -0.521249 -0.8455 0.115881 -0.264203 -0.962417 0.06285 0.525769 -0.844178 -0.104552 -0.000000 -1 0.000753 0.000000 -0.998631 0.052308 0.809941 -0.582003 -0.07259 0.861362 -0.507794 0.014151 0.86161 -0.201995 0.465647 -0.898451 -0.370611 -0.235443 -0.434832 -0.223228 -0.872405 -0.434832 -0.223228 -0.872405 -0.828165 -0.193023 -0.526198 -0.275678 0.934366 -0.225749 0.304871 -0.053634 -0.950882 0.854206 -0.447305 -0.265048 0.828164 -0.193028 -0.526198 0.86161 -0.201995 0.465647 0.315364 -0.926336 -0.206029 0.304871 -0.053634 -0.950882 0.275683 0.934364 -0.225748 0.86161 -0.201995 0.465647 0.275683 0.934364 -0.225748 0.809941 -0.582003 -0.07259 0.809941 -0.582003 -0.07259 -0.982277 -0.171877 0.074774 -0.946534 -0.28678 0.147756 -0.91029 0.017765 0.413589 -0.964255 -0.157267 0.21326 -0.275678 0.934366 -0.225749 -0.861609 -0.201996 0.465647 -0.315365 -0.926335 -0.206028 -0.861609 -0.201996 0.465647 -0.861609 -0.201996 0.465647 -0.807802 -0.586626 -0.057666 -0.434832 -0.223228 -0.872405 -0.861362 -0.507794 0.014151 -0.807802 -0.586626 -0.057666 -0.807802 -0.586626 -0.057666 0.717376 0.33907 0.608608 0 0.518758 0.854921 -0.717376 0.33907 0.608607 0.000000 0.40778 0.91308 0.100808 -0.01828 0.994738 -0.290942 -0.332052 0.89727 -0.31713 -0.525237 0.789655 0.259954 0.078668 0.962411 0.262987 -0.485905 0.833507 0.291926 -0.332051 0.896951 -0.722861 -0.359627 0.590034 -0.37099 -0.189501 0.909096 0.000008 -0.441228 0.897395 -0.100552 -0.018299 0.994763 -0.000000 -0.910985 0.41244 -0.318548 -0.898551 0.301884 -0.544265 -0.781859 0.304093 -0.521249 -0.8455 0.115881 -0.209744 0.007278 0.977729 -0.000018 0.038676 0.999252 0.19204 -0.56877 0.799764 -0.191804 -0.568881 0.799741 0 -0.904894 0.425638 0.722861 -0.359628 0.590034 0.52125 -0.8455 0.115881 0.826299 -0.500832 0.257676 0.318548 -0.89855 0.301884 0.544265 -0.781859 0.304094 0.37099 -0.189501 0.909096 0.928056 -0.267029 0.25963 -0.928057 -0.267024 0.259631 -0.8263 -0.500829 0.257679 -0.31713 -0.525237 0.789655 0.262987 -0.485905 0.833507 -0.209744 0.007278 0.977729 0.259954 0.078668 0.962411 0.450572 -0.058813 0.890801 -0.939119 0.126664 0.319394 0.101083 -0.983349 -0.151017 0.101953 0.903321 0.416674 -0.924045 0.222646 -0.310757 -0.695172 -0.286428 0.659314 -0.134033 0.266879 -0.954364 0.053505 0.611517 -0.78942 0.576202 0.661925 -0.479424 -0.876508 0.468015 0.112672 -0.54899 0.265149 -0.792658 -0.666054 -0.69518 -0.270365 0.59189 -0.43334 -0.67962 -0.121493 -0.940332 -0.317829 0.873288 0.138615 -0.46707 -0.671785 -0.658111 0.339991 0.452106 -0.483548 0.749521 -0.658923 0.48675 0.573494 0.72395 0.6864 -0.068931 0.164751 0.97397 0.155689 -0.85814 0.502828 0.103729 -0.508206 -0.813886 0.281631 0.811097 0.447355 -0.376824 0.722285 -0.385266 -0.574347 0.59189 -0.43334 -0.67962 0.873288 0.138615 -0.46707 0.72395 0.6864 -0.068931 0.164751 0.97397 0.155689 0.821096 -0.570685 -0.010965 0.092884 -0.992326 -0.081617 0.838187 -0.537533 -0.092203 -0.548438 -0.829204 0.107873 0.239244 -0.154412 0.958603 -0.015389 -0.344405 0.938695 0.812233 0.129218 0.568841 0.755934 0.634984 0.159248 -0.074604 -0.215718 0.973602 0.390179 0.628119 0.673221 0.363621 0.92981 0.05686 0.539392 0.819547 0.193388 0.612739 -0.556187 -0.561433 0.612739 -0.556187 -0.561433 -0.455027 -0.392338 -0.799388 -0.174047 -0.059139 0.98296 0.092884 -0.992326 -0.081617 -0.548438 -0.829204 0.107873 -0.81718 0.556694 -0.149359 -0.888704 0.190069 0.417229 0.927325 0.018377 -0.373806 0.110003 0.984651 0.135507 -0.847567 -0.529126 -0.040686 -0.508206 -0.813886 0.281631 0.356799 -0.445449 0.821139 -0.666054 -0.69518 -0.270365 -0.876508 0.468015 0.112672 -0.250921 0.21136 0.944651 0.070348 -0.364859 0.928402 0.172526 -0.115785 0.978176 -0.525029 0.50785 -0.682959 0.539392 0.819547 0.193388 0.363621 0.92981 0.05686 0.143875 0.964896 -0.219717 -0.782582 -0.113384 -0.612136 -0.298676 -0.908203 0.29319 0.070348 -0.364859 0.928402 -0.608086 -0.778467 -0.155629 -0.298676 -0.908203 0.29319 -0.523769 0.444707 -0.726568 -0.864839 0.422518 -0.271167 -0.767274 -0.577791 0.278296 -0.847567 -0.529126 -0.040686 0.388722 0.884406 0.258306 0.110003 0.984651 0.135507 -0.888704 0.190069 0.417229 0.925661 0.377719 0.021908 0.388722 0.884406 0.258306 0.101083 -0.983349 -0.151017 0.811097 0.447355 -0.376824 0.925661 0.377719 0.021908 -0.181675 0.013177 0.98327 -0.767274 -0.577791 0.278296 0.390179 0.628119 0.673221 0.108979 0.022128 0.993798 0.172526 -0.115785 0.978176 0.143875 0.964896 -0.219717 0.185772 0.250472 -0.950133 0.820546 -0.338466 -0.460591 -0.228838 -0.633584 -0.739057 0.002867 0.825464 -0.564448 -0.497066 0.661928 0.561051 0.466028 0.695765 0.546561 0.126653 -0.525814 0.841118 -0.900455 -0.336243 -0.275903 0.178676 -0.744666 0.643076 -0.228838 -0.633584 -0.739057 -0.497066 0.661928 0.561051 -0.683361 0.617671 0.389229 0.066347 -0.396649 0.915569 -0.069821 -0.548935 0.832944 0.466028 0.695765 0.546561 0.53847 0.686553 0.488564 0.002867 0.825464 -0.564448 -0.111795 0.670768 -0.733194 0.969579 0.225191 0.095949 0.056118 0.572957 -0.817662 0.185772 0.250472 -0.950133 0.820546 -0.338466 -0.460591 -0.128962 -0.336385 0.932853 -0.020317 0.765441 0.643185 -0.934014 0.253805 0.251396 -0.128962 -0.336385 0.932853 -0.934014 0.253805 0.251396 -0.020317 0.765441 0.643185 -0.196008 0.801122 -0.565495 -0.683361 0.617671 0.389229 0.969579 0.225191 0.095949 -0.873246 0.323377 0.364511 -0.873246 0.323377 0.364511 0.53847 0.686553 0.488564 0.466028 0.695765 0.546561 0.820546 -0.338466 -0.460591 -0.497066 0.661928 0.561051 -0.020317 0.765441 0.643185 -0.196008 0.801122 -0.565495 0.066347 -0.396649 0.915569 0.178676 -0.744666 0.643076 0.369581 -0.803879 -0.466035 0.954272 0.175316 -0.242136 0.61221 -0.003967 0.790685 -0.518446 -0.721402 0.459122 -0.127393 -0.91213 -0.389603 0.549807 -0.260288 0.793701 0.836362 -0.1106 -0.536905 0.615375 0.109147 0.780641 0.617086 -0.777465 0.121464 -0.518446 -0.721402 0.459122 -0.2172 -0.823637 0.523877 0.369581 -0.803879 -0.466035 0.742379 0.496114 -0.450271 0.647706 0.475164 0.595564 -0.449467 -0.356346 0.819144 -0.956223 0.195713 -0.217566 -0.695456 -0.694345 -0.185002 0.096347 -0.99236 0.077062 -0.231851 -0.408493 -0.882824 0.096347 -0.99236 0.077062 0.526384 -0.827047 0.197262 -0.077664 -0.606394 -0.791363 0.573676 -0.221624 0.788529 -0.476839 -0.769024 0.425708 0.127678 -0.812047 -0.569454 0.944603 -0.014379 -0.327901 0.617086 -0.777465 0.121464 0.063041 -0.713367 -0.697949 0.174375 -0.492159 -0.852862 0.722574 0.530307 -0.443465 0.505595 -0.699247 0.505398 0.174375 -0.492159 -0.852862 0.836362 -0.1106 -0.536905 0.505595 -0.699247 0.505398 -0.2172 -0.823637 0.523877 0.944603 -0.014379 -0.327901 0.052194 -0.792865 -0.607158 -0.607607 -0.539186 0.583174 0.563868 -0.795321 -0.222525 0.681067 0.085452 0.727218 0.994715 0.052764 -0.088082 -0.935351 0.323748 -0.142499 -0.164757 -0.007393 0.986307 -0.742373 0.162153 0.650068 0.526384 -0.827047 0.197262 0.488323 0.053192 0.87104 0.258738 0.534415 0.804646 -0.074722 0.221124 0.972379 -0.300878 0.935455 -0.185464 -0.402547 -0.546408 0.734435 -0.607607 -0.539186 0.583174 -0.402547 -0.546408 0.734435 0.518732 -0.810207 0.272915 -0.123964 -0.845181 -0.519906 -0.476839 -0.769024 0.425708 -0.300878 0.935455 -0.185464 -0.260625 -0.361547 -0.895186 0.722574 0.530307 -0.443465 0.518732 -0.810207 0.272915 0.994715 0.052764 -0.088082 0.305767 -0.520453 -0.797267 0.310948 -0.842494 -0.439903 0 -0.586223 -0.81015 0 -0.979009 -0.203815 0.075519 -0.951873 -0.297042 -0.305766 -0.520453 -0.797267 -0.310948 -0.842494 -0.439903 -0.675964 -0.5787 -0.456267 0 -0.586223 -0.81015 0 -0.979009 -0.203815 0.807136 -0.570804 0.150714 0.675964 -0.578699 -0.456267 -0.075521 -0.951873 -0.297043 0.053105 -0.066205 -0.996392 -0.000003 -0.066328 -0.997798 -0.744691 -0.224807 -0.628408 0 -0.708112 0.7061 0.133798 -0.88512 0.445714 -0.133799 -0.885119 0.445715 0 -0.708112 0.7061 0.731064 -0.674942 0.09999 0.346212 -0.742066 0.574 0.330495 -0.474194 0.816035 0.335687 -0.472412 0.814949 -0.335688 -0.472412 0.814948 -0.807135 -0.570804 0.150715 -0.861609 -0.201996 0.465647 -0.330497 -0.474194 0.816034 -0.346218 -0.742065 0.573997 -0.731066 -0.674941 0.099988 -0.921235 -0.386905 0.040391 -0.053161 -0.066208 -0.996389 -0.463645 0.222915 -0.857521 -0.000003 -0.066328 -0.997798 -0.019248 0.662838 -0.748516 -0.432997 0.739642 -0.515212 -0.085249 0.979127 -0.184505 0.744691 -0.224807 -0.628408 0.921235 -0.386904 0.04039 0.997029 -0.01299 -0.075918 0.463646 0.222915 -0.857521 0.019105 0.662837 -0.74852 0.469531 0.739922 -0.481723 0.132256 0.97241 -0.192163 -0.000106 0.703927 -0.710273 -0.000106 0.703927 -0.710273 -0.000012 0.999992 0.004038 -0.000012 0.999992 0.004038 0.446012 0.876579 0.180781 0 0.996634 0.081976 0.86161 -0.201995 0.465647 0.833819 -0.098197 0.543234 0.340645 -0.814212 0.470127 0.87318 0.479788 0.085793 0.596444 0.792174 -0.129289 0.823414 0.373611 -0.427089 0.683322 0.690129 -0.238312 0.514658 0.813574 -0.2706 -0.833819 -0.098196 0.543234 -0.997029 -0.012989 -0.075917 -0.823415 0.373605 -0.427092 -0.888081 0.440737 0.130625 -0.446013 0.876579 0.180782 -0.340646 -0.814213 0.470125 -0.596451 0.792173 -0.129261 0 0.996634 0.081976 -0.335688 -0.472412 0.814948 0 -0.708112 0.7061 0 -0.105804 0.994387 0 -0.105804 0.994387 0 -0.708112 0.7061 0.335687 -0.472412 0.814949 0.86161 -0.201995 0.465647 -0.861609 -0.201996 0.465647 0.340645 -0.814212 0.470127 0.833819 -0.098197 0.543234 -0.340646 -0.814213 0.470125 -0.833819 -0.098196 0.543234 0.739598 0.661091 -0.126309 0.562125 0.302008 -0.769939 0.078594 0.9802 0.181743 0.888295 -0.454923 -0.06306 0.947071 -0.317475 -0.047607 0.888295 -0.454923 -0.06306 0.369491 -0.384087 0.84614 -0.036096 0.258699 0.965283 0.947071 -0.317475 -0.047607 0.675989 -0.044499 -0.735567 -0.036096 0.258699 0.965283 -0.495633 0.457168 0.738475 0.369491 -0.384087 0.84614 -0.491363 0.664966 -0.562479 -0.946017 0.275716 -0.170388 0.364617 0.073307 0.928267 0.675989 -0.044499 -0.735567 0.364617 0.073307 0.928267 0.844235 0.114923 0.523507 -0.595777 0.254329 0.761818 -0.25866 -0.167934 0.951259 0.376448 0.4818 0.7913 -0.989403 0.056593 -0.133714 0.376448 0.4818 0.7913 0.49553 -0.070354 -0.865737 0.49553 -0.070354 -0.865737 -0.069686 -0.44623 -0.892201 0.979239 0.095038 0.179051 0.793945 -0.466351 -0.390089 0.979239 0.095038 0.179051 0.793945 -0.466351 -0.390089 0.651383 -0.755792 -0.066929 0.651383 -0.755792 -0.066929 -0.601059 -0.780857 -0.170266 0.477612 -0.686724 0.547993 -0.180481 -0.217028 0.959336 -0.180481 -0.217028 0.959336 0.844235 0.114923 0.523507 -0.25866 -0.167934 0.951259 -0.971416 -0.201771 -0.125056 0.477612 -0.686724 0.547993 -0.946943 -0.317981 -0.046773 -0.368484 -0.384796 0.846257 -0.888295 -0.454923 -0.063061 0.025855 0.025484 0.999341 0.430565 0.513734 0.742086 0.025855 0.025484 0.999341 -0.368484 -0.384796 0.846257 -0.550082 0.821298 0.151259 -0.121867 0.992546 0.000531 -0.561384 0.301784 -0.770567 -0.888295 -0.454923 -0.063061 -0.946943 -0.317981 -0.046773 0.493936 0.663163 -0.562355 0.962981 0.215371 -0.162121 -0.361947 0.089417 0.9279 -0.361947 0.089417 0.9279 -0.670017 -0.010338 -0.742274 -0.670017 -0.010338 -0.742274 0.236041 -0.163801 0.957838 0.609199 0.219962 0.761901 -0.941495 0.303944 0.145621 -0.734111 -0.677581 -0.044325 0.512826 -0.850726 -0.115218 -0.558908 -0.603087 0.569129 -0.508383 0.502831 0.699076 -0.840689 -0.388197 -0.377552 -0.734111 -0.677581 -0.044325 -0.938465 0.316828 0.137495 0.037686 -0.499873 -0.865278 -0.840689 -0.388197 -0.377552 0.991956 -0.063311 -0.109611 -0.508383 0.502831 0.699076 -0.479171 -0.056301 -0.875914 -0.479171 -0.056301 -0.875914 -0.938465 0.316828 0.137495 -0.076776 -0.092571 0.992742 -0.076776 -0.092571 0.992742 -0.941495 0.303944 0.145621 0.236041 -0.163801 0.957838 0.944115 -0.318131 -0.086252 -0.558908 -0.603087 0.569129 -0.63566 0.769091 -0.066593 0.243131 0.769135 0.591032 0.562262 0.745352 -0.358205 0.797935 0.228397 0.557795 -0.63566 0.769091 -0.066593 0.700198 0.135929 -0.700889 0.938572 0.013974 -0.344802 0.634102 0.07773 0.769333 -0.63566 0.769091 -0.066593 0.657327 0.418533 0.626699 -0.462719 0.679773 0.569034 0.227793 0.009388 0.973664 -0.520262 -0.064098 0.851598 -0.520262 -0.064098 0.851598 -0.462719 0.679773 0.569034 -0.913204 -0.278207 0.297756 0.443014 -0.678548 0.585929 -0.913204 -0.278207 0.297756 0.227793 0.009388 0.973664 0.443014 -0.678548 0.585929 0.657327 0.418533 0.626699 0.98566 -0.040341 -0.16385 -0.275775 0.715295 -0.642107 0.954766 0.178416 0.237886 -0.486857 0.863599 0.13102 0.954766 0.178416 0.237886 0.98566 -0.040341 -0.16385 0.925926 -0.347718 0.147488 -0.486857 0.863599 0.13102 -0.976152 -0.215752 -0.024051 -0.275775 0.715295 -0.642107 -0.576716 -0.658469 -0.483547 0.599639 -0.582373 -0.548886 -0.576716 -0.658469 -0.483547 0.917187 -0.369047 0.150241 0.599639 -0.582373 -0.548886 0.39665 -0.884636 0.24513 -0.976152 -0.215752 -0.024051 0.39665 -0.884636 0.24513 -0.576716 -0.658469 -0.483547 0.599639 -0.582373 -0.548886 0.911496 -0.373479 0.172304 0.919499 -0.359211 0.159653 0.918295 -0.360426 0.163792 0.919307 -0.357201 0.165172 0.921642 -0.351043 0.165365 0.919307 -0.357201 0.165172 0.921642 -0.351043 0.165365 0.923878 -0.34573 0.164074 0.926418 -0.340706 0.160217 0.927403 -0.34967 0.132872 0.925325 -0.352142 0.140603 0.925404 -0.350884 0.143207 0.923852 -0.352261 0.149696 0.922819 -0.353828 0.152349 0.924185 -0.351096 0.150381 0.923852 -0.352261 0.149696 0.925404 -0.350884 0.143207 0.63566 0.769091 -0.066593 -0.562261 0.745352 -0.358207 -0.24313 0.769136 0.591031 -0.797936 0.228398 0.557792 0.63566 0.769091 -0.066593 -0.700196 0.135929 -0.700892 -0.938571 0.013975 -0.344805 -0.634102 0.07773 0.769333 0.63566 0.769091 -0.066593 0.576715 -0.658469 -0.483547 0.275775 0.715295 -0.642107 0.976152 -0.215752 -0.024048 0.486858 0.863599 0.131021 0.913203 -0.278208 0.297758 0.46272 0.679772 0.569035 0.520262 -0.064098 0.851598 0.913203 -0.278208 0.297758 0.520262 -0.064098 0.851598 -0.443012 -0.678547 0.58593 -0.227794 0.009389 0.973664 0.46272 0.679772 0.569035 -0.657326 0.418533 0.626699 -0.657326 0.418533 0.626699 -0.443012 -0.678547 0.58593 -0.227794 0.009389 0.973664 0.486858 0.863599 0.131021 -0.954765 0.178417 0.237888 0.275775 0.715295 -0.642107 -0.98566 -0.040339 -0.163852 -0.716065 -0.572517 -0.399344 0.576715 -0.658469 -0.483547 -0.925927 -0.347717 0.147487 -0.98566 -0.040339 -0.163852 -0.924541 -0.351896 0.146267 -0.954765 0.178417 0.237888 -0.271942 -0.929848 0.247852 0.976152 -0.215752 -0.024048 -0.271942 -0.929848 0.247852 0.576715 -0.658469 -0.483547 -0.716065 -0.572517 -0.399344 -0.913423 -0.369286 0.171131 -0.716065 -0.572517 -0.399344 -0.921645 -0.351039 0.165356 -0.918295 -0.360428 0.163786 -0.91931 -0.357197 0.165163 -0.919497 -0.359216 0.159653 -0.91931 -0.357197 0.165163 -0.923882 -0.345722 0.164068 -0.921645 -0.351039 0.165356 -0.926417 -0.340707 0.160217 -0.922811 -0.353845 0.152361 -0.92385 -0.352267 0.149699 -0.924181 -0.351104 0.150386 -0.925405 -0.350883 0.143203 -0.927406 -0.349666 0.132861 -0.925405 -0.350883 0.143203 -0.925327 -0.35214 0.140597 -0.92385 -0.352267 0.149699 0.64236 -0.569386 0.513005 0.89257 -0.32976 -0.307535 0.600348 0.405451 0.689342 -0.104713 -0.509466 0.854095 -0.732734 0.024598 0.680071 -0.335918 -0.941884 0.003714 -0.732734 0.024598 0.680071 0.600348 0.405451 0.689342 -0.329492 0.59221 -0.735338 0.64236 -0.569386 0.513005 -0.104713 -0.509466 0.854095 -0.335918 -0.941884 0.003714 0.89257 -0.32976 -0.307535 -0.329492 0.59221 -0.735338 -0.329492 0.59221 -0.735338 -0.329492 0.59221 -0.735338 0.769548 0.383003 -0.510984 0.770328 0.290328 -0.567718 -0.492917 0.369199 0.787861 -0.611396 0.222269 0.759467 0.080076 -0.859831 0.50426 -0.515343 -0.550096 -0.657127 0.730889 -0.186118 -0.656628 0.041601 0.071512 0.996572 -0.492917 0.369199 0.787861 -0.823113 -0.565648 -0.050273 0.938065 0.159364 0.30763 -0.39516 0.89669 -0.19949 -0.515343 -0.550096 -0.657127 0.730889 -0.186118 -0.656628 -0.823113 -0.565648 -0.050273 -0.434551 -0.893229 -0.115357 0.770328 0.290328 -0.567718 0.769548 0.383003 -0.510984 -0.515343 -0.550096 -0.657127 -0.823113 -0.565648 -0.050273 -0.925156 -0.362324 0.113173 -0.923699 -0.360267 0.130336 -0.923062 -0.362043 0.129928 -0.922867 -0.359198 0.138903 -0.924964 -0.35671 0.131151 0.925156 -0.362324 0.113174 0.923062 -0.362044 0.129924 0.923699 -0.360268 0.130333 0.924963 -0.356713 0.13115 0.922867 -0.359199 0.138899 0.932059 -0.327006 0.15599 0.932688 -0.325773 0.154805 0.932688 -0.325773 0.154805 0.933314 -0.324538 0.15362 0.935273 -0.328207 0.132453 0.935221 -0.328314 0.132555 0.935221 -0.328314 0.132555 0.935169 -0.328421 0.132657 -0.932057 -0.327005 0.156002 -0.93269 -0.325766 0.154811 -0.93269 -0.325766 0.154811 -0.933319 -0.324525 0.15362 -0.935168 -0.328421 0.132669 -0.93522 -0.328313 0.132567 -0.93522 -0.328313 0.132567 -0.935272 -0.328206 0.132465 0.809384 -0.571239 -0.136319 0.87814 0.436851 0.195017 -0.349004 -0.413908 0.840759 0.40443 0.121347 -0.906483 0.809384 -0.571239 -0.136319 -0.349004 -0.413908 0.840759 0.40443 0.121347 -0.906483 0.87814 0.436851 0.195017 0.809384 -0.571239 -0.136319 0.096164 0.956841 -0.274242 -0.349004 -0.413908 0.840759 0.096164 0.956841 -0.274242 -0.809383 -0.571241 -0.136319 0.349005 -0.413922 0.840752 -0.87814 0.43685 0.195017 -0.40443 0.121346 -0.906483 0.349005 -0.413922 0.840752 -0.809383 -0.571241 -0.136319 -0.40443 0.121346 -0.906483 -0.809383 -0.571241 -0.136319 -0.87814 0.43685 0.195017 -0.096163 0.956841 -0.274242 -0.096163 0.956841 -0.274242 -0.437479 -0.892698 0.10818 -0.416131 -0.901151 0.121497 0.400541 -0.296056 -0.867132 0.413427 -0.302096 -0.858962 0.497655 0.766604 -0.40578 0.23582 0.96202 0.137505 -0.270922 0.581685 0.766971 -0.527195 0.018539 0.849542 -0.416131 -0.901151 0.121497 -0.437479 -0.892698 0.10818 0.437479 -0.892698 0.108181 -0.400542 -0.296056 -0.867131 0.41613 -0.901152 0.121498 -0.413426 -0.302096 -0.858962 -0.497657 0.766603 -0.405779 -0.235822 0.962019 0.137506 0.27092 0.581684 0.766972 0.527193 0.018538 0.849543 0.41613 -0.901152 0.121498 0.437479 -0.892698 0.108181 -0.220893 0.867903 0.444916 -0.169056 0.935813 0.309314 -0.02788 0.999402 -0.020435 0.088141 0.046535 0.99502 -0.203906 -0.080248 0.975696 -0.391323 -0.837606 0.381159 -0.803142 -0.00791 -0.595735 0.418964 -0.447871 -0.789861 -0.715553 -0.404608 -0.569453 0.41889 -0.372795 0.827983 0.873245 -0.0342 0.486079 -0.035453 -0.023624 0.999092 -0.42489 0.498248 0.75579 -0.159058 0.581637 0.797746 0.06473 -0.964227 0.257053 0.653993 -0.467535 0.594731 -0.180553 0.636444 0.749893 -0.631765 0.673871 0.383107 -0.396635 0.910832 0.114302 -0.51483 -0.631169 0.580152 -0.344387 -0.444098 -0.827148 -0.762296 -0.561372 0.322128 -0.010744 0.144684 0.98942 0.626762 -0.707853 0.32575 0.909226 0.143866 -0.390655 -0.344387 -0.444098 -0.827148 0.626762 -0.707853 0.32575 0.418964 -0.447871 -0.789861 0.06473 -0.964227 0.257053 0.710367 -0.473209 -0.52101 -0.391323 -0.837606 0.381159 -0.203906 -0.080248 0.975696 -0.479929 -0.095938 -0.872046 -0.206994 -0.975097 -0.079615 0.127545 0.7309 0.670461 0.489515 -0.672281 0.55535 -0.814762 -0.248678 0.523757 -0.401201 -0.749811 -0.526137 0.053303 0.93 0.363674 0.626762 -0.707853 0.32575 -0.376686 -0.706071 -0.599643 0.909226 0.143866 -0.390655 0.489515 -0.672281 0.55535 -0.376686 -0.706071 -0.599643 0.037936 0.617614 -0.785566 -0.017198 0.806204 -0.591387 -0.02788 0.999402 -0.020435 -0.728591 0.583593 -0.358572 0.873245 -0.0342 0.486079 0.41889 -0.372795 0.827983 -0.044092 0.989565 -0.137176 -0.02788 0.999402 -0.020435 -0.728591 0.583593 -0.358572 -0.479929 -0.095938 -0.872046 0.929546 -0.363011 -0.064549 0.929546 -0.363011 -0.064549 -0.912185 0.109472 0.394885 -0.384995 0.278282 0.879965 0.053303 0.93 0.363674 -0.220893 0.867903 0.444916 -0.02788 0.999402 -0.020435 -0.747386 0.622822 0.231317 0.127545 0.7309 0.670461 0.626762 -0.707853 0.32575 0.114943 0.37943 0.918053 -0.51483 -0.631169 0.580152 -0.241889 0.496951 0.833384 -0.789342 0.401504 0.464471 -0.537398 0.488295 -0.687584 -0.500191 0.856323 -0.128529 -0.02788 0.999402 -0.020435 0.037936 0.617614 -0.785566 -0.044092 0.989565 -0.137176 -0.086991 0.724742 -0.683507 -0.206994 -0.975097 -0.079615 -0.42489 0.498248 0.75579 0.06473 -0.964227 0.257053 -0.203906 -0.080248 0.975696 0.058625 -0.917781 0.392736 -0.180553 0.636444 0.749893 -0.241889 0.496951 0.833384 -0.500191 0.856323 -0.128529 -0.728591 0.583593 -0.358572 -0.220893 0.867903 0.444916 0.541759 0.494509 -0.679675 0.710367 -0.473209 -0.52101 -0.147437 0.942558 0.299744 0.524264 0.834731 0.168441 0.626762 -0.707853 0.32575 0.2286 -0.180388 0.956662 -0.762296 -0.561372 0.322128 0.058625 -0.917781 0.392736 0.8893 0.00627 0.457282 0.623145 -0.442928 -0.644597 0.817733 0.408234 0.40578 0.826058 0.096831 -0.555205 0.710367 -0.473209 -0.52101 -0.344387 -0.444098 -0.827148 0.84647 -0.034429 0.531321 -0.507166 0.354376 0.785621 0.7788 -0.062418 0.62416 -0.534667 0.463701 0.706479 0.255007 -0.710083 0.656318 0.5847 -0.738193 -0.336448 -0.839669 -0.267173 -0.472836 0.892087 -0.394445 -0.22044 -0.2805 -0.490064 -0.825323 -0.839669 -0.267173 -0.472836 0.255007 -0.710083 0.656318 -0.534667 0.463701 0.706479 -0.507166 0.354376 0.785621 -0.294991 -0.878766 0.375167 0.19051 -0.976275 0.10292 -0.131641 -0.906297 0.401618 -0.479225 -0.862195 0.164208 -0.294991 -0.878766 0.375167 -0.992426 0.115516 -0.041788 0.212896 -0.769415 -0.602226 -0.020068 -0.894515 -0.446586 0.568158 -0.639256 -0.518217 0.260474 -0.831441 -0.490775 0.57401 -0.679128 0.457491 -0.011504 -0.904622 -0.426059 0.101017 -0.931155 0.350353 -0.348941 -0.918203 0.187467 -0.479225 -0.862195 0.164208 -0.747777 0.043278 -0.662538 -0.020068 -0.894515 -0.446586 -0.140062 -0.975133 -0.17175 0.231383 -0.925258 -0.300599 0.260474 -0.831441 -0.490775 0.212896 -0.769415 -0.602226 0.468996 -0.847251 -0.249418 -0.166902 0.901773 -0.398684 -0.166902 0.901773 -0.398684 -0.166902 0.901773 -0.398684 -0.166902 0.901773 -0.398684 -0.166902 0.901773 -0.398684 -0.166902 0.901773 -0.398684 -0.348941 -0.918203 0.187467 -0.166902 0.901773 -0.398684 -0.166902 0.901773 -0.398684 -0.573943 -0.033227 -0.818221 -0.034589 -0.944133 0.327744 -0.166902 0.901773 -0.398684 0.304035 -0.680378 -0.666819 -0.166902 0.901773 -0.398684 -0.166902 0.901773 -0.398684 -0.166902 0.901773 -0.398684 -0.166902 0.901773 -0.398684 0.260474 -0.831441 -0.490775 -0.166902 0.901773 -0.398684 -0.034589 -0.944133 0.327744 -0.166902 0.901773 -0.398684 -0.166902 0.901773 -0.398684 -0.166902 0.901773 -0.398684 0.57401 -0.679128 0.457491 -0.166902 0.901773 -0.398684 0.260474 -0.831441 -0.490775 -0.011504 -0.904622 -0.426059 -0.014651 -0.997933 -0.062571 0.212896 -0.769415 -0.602226 -0.014651 -0.997933 -0.062571 0.19051 -0.976275 0.10292 -0.014651 -0.997933 -0.062571 -0.020068 -0.894515 -0.446586 0.212896 -0.769415 -0.602226 -0.294991 -0.878766 0.375167 -0.014651 -0.997933 -0.062571 -0.479225 -0.862195 0.164208 -0.014651 -0.997933 -0.062571 -0.348941 -0.918203 0.187467 -0.140062 -0.975133 -0.17175 -0.014651 -0.997933 -0.062571 -0.034589 -0.944133 0.327744 -0.348941 -0.918203 0.187467 -0.594155 -0.804349 0.001328 -0.008904 -0.56032 0.828228 -0.890452 0.026469 -0.454307 0.236502 -0.641495 0.729761 -0.20609 0.694133 -0.689715 -0.250375 -0.892738 0.374609 0.114627 -0.146272 -0.982581 -0.487419 -0.710721 0.507246 -0.704381 0.709746 -0.010425 0.402659 0.90695 0.123724 0.644658 0.674131 0.360505 0.34018 -0.940208 -0.016957 -0.250375 -0.892738 0.374609 0.423133 0.799294 0.426717 -0.487419 -0.710721 0.507246 0.840578 0.188723 0.507753 0.447138 0.891149 -0.076954 -0.890452 0.026469 -0.454307 -0.594155 -0.804349 0.001328 -0.626594 -0.093847 0.773675 0.409995 0.212541 -0.886978 0.504333 0.861204 0.063057 0.409995 0.212541 -0.886978 0.34018 -0.940208 -0.016957 -0.724663 0.439488 0.530767 -0.378001 0.859945 -0.342943 -0.637995 0.452047 -0.623391 -0.800725 -0.448239 0.397393 -0.40856 -0.363268 0.837326 -0.224746 -0.739934 -0.634024 0.416993 -0.899677 -0.129219 -0.800725 -0.448239 0.397393 -0.224746 -0.739934 -0.634024 0.19839 0.246221 -0.948692 0.416993 -0.899677 -0.129219 0.653966 0.244983 -0.715759 -0.40856 -0.363268 0.837326 0.416993 -0.899677 -0.129219 0.771637 -0.585084 0.249504 0.771637 -0.585084 0.249504 0.859435 0.50807 -0.056885 0.082076 0.395337 0.914862 0.047459 0.998806 -0.011572 0.359745 0.81118 -0.461053 0.047459 0.998806 -0.011572 0.859435 0.50807 -0.056885 0.082076 0.395337 0.914862 0.31447 0.804225 -0.504312 0.092618 0.65032 -0.753994 -0.184564 0.431936 -0.882818 -0.378001 0.859945 -0.342943 -0.637995 0.452047 -0.623391 0.19839 0.246221 -0.948692 -0.131806 0.550377 -0.824447 -0.131806 0.550377 -0.824447 -0.184564 0.431936 -0.882818 0.06434 0.672699 -0.737113 0.092618 0.65032 -0.753994 0.359745 0.81118 -0.461053 0.31447 0.804225 -0.504312 0.653966 0.244983 -0.715759 0.06434 0.672699 -0.737113 -0.921034 0.278411 0.272367 -0.74014 0.312328 -0.59552 -0.362653 -0.928225 -0.082958 -0.74014 0.312328 -0.59552 -0.921034 0.278411 0.272367 0.019105 0.969893 0.24278 -0.245613 0.517897 0.819425 -0.143075 0.363718 0.920456 0.447653 -0.03496 0.893524 0.156449 0.551597 0.819307 0.480502 -0.839956 0.252175 -0.362653 -0.928225 -0.082958 0.020389 -0.844602 -0.535007 -0.081093 0.244 -0.966379 0.398706 0.897079 -0.190482 -0.081093 0.244 -0.966379 0.020389 -0.844602 -0.535007 -0.74014 0.312328 -0.59552 0.821464 -0.36568 -0.437578 0.398706 0.897079 -0.190482 0.467611 0.627147 0.622917 0.841213 0.176833 0.510971 0.533788 0.651441 0.539161 0.821464 -0.36568 -0.437578 0.841213 0.176833 0.510971 0.447653 -0.03496 0.893524 -0.245613 0.517897 0.819425 -0.294029 0.235667 0.926287 -0.140608 -0.251773 0.957518 -0.294029 0.235667 0.926287 -0.143075 0.363718 0.920456 0.206282 0.528459 0.823516 0.156449 0.551597 0.819307 -0.140608 -0.251773 0.957518 0.467611 0.627147 0.622917 0.533788 0.651441 0.539161 0.019105 0.969893 0.24278 0.206282 0.528459 0.823516 0.020389 -0.844602 -0.535007 -0.40856 -0.363268 0.837326 -0.115613 -0.330475 -0.936707 0.539022 -0.706235 -0.459006 -0.743507 -0.625924 -0.235408 -0.007593 0.005757 -0.999955 -0.708636 -0.027715 -0.70503 0.028982 0.495468 -0.868143 -0.719709 0.581223 -0.379734 -0.115613 -0.330475 -0.936707 -0.708636 -0.027715 -0.70503 -0.007593 0.005757 -0.999955 -0.743507 -0.625924 -0.235408 0.614835 -0.031826 -0.788013 -0.115613 -0.330475 -0.936707 -0.007593 0.005757 -0.999955 0.539022 -0.706235 -0.459006 -0.007593 0.005757 -0.999955 0.028982 0.495468 -0.868143 0.614835 -0.031826 -0.788013 0.725076 0.575316 -0.378519 0.000113 0.997426 0.071699 0.000113 0.997426 0.071699 0.676471 0.474445 0.563284 0.007434 0.633558 0.77366 0.994065 0.108748 0.003087 0.994065 0.108748 0.003087 -0.677589 0.470049 0.565621 -0.974151 0.011217 0.225619 -0.52215 -0.840534 0.144438 -0.974151 0.011217 0.225619 0.575586 -0.805735 -0.139611 -0.542456 -0.580937 0.606839 0.894291 -0.148291 0.422201 0.252284 0.083708 0.964026 0.894291 -0.148291 0.422201 -0.542456 -0.580937 0.606839 0.252284 0.083708 0.964026 0.063502 0.214334 0.974694 -0.52215 -0.840534 0.144438 0.575586 -0.805735 -0.139611 0.063502 0.214334 0.974694 0.750452 0.552145 -0.363259 0.010133 0.495946 -0.868294 0.036298 0.99677 0.071638 0.682002 0.443535 0.581506 -0.001318 0.634416 0.772991 0.036298 0.99677 0.071638 0.010133 0.495946 -0.868294 -0.692621 0.603799 -0.394593 0.082569 -0.338688 -0.937269 0.704496 -0.660679 -0.259209 -0.577554 -0.689279 -0.437407 0.710412 -0.068763 -0.700419 0.029313 0.010623 -0.999514 0.704496 -0.660679 -0.259209 0.082569 -0.338688 -0.937269 0.710412 -0.068763 -0.700419 0.082569 -0.338688 -0.937269 -0.577554 -0.689279 -0.437407 -0.609683 0.001366 -0.792644 -0.609683 0.001366 -0.792644 0.029313 0.010623 -0.999514 0.029313 0.010623 -0.999514 0.029313 0.010623 -0.999514 0.975708 -0.027659 0.217321 0.975708 -0.027659 0.217321 0.496861 -0.860942 0.109122 0.551882 -0.594764 0.584536 -0.67014 0.502109 0.546626 -0.990027 0.140393 0.011664 -0.990027 0.140393 0.011664 -0.605931 -0.789045 -0.101272 -0.191935 0.083498 0.977849 -0.875656 -0.132757 0.46433 0.551882 -0.594764 0.584536 0.496861 -0.860942 0.109122 -0.605931 -0.789045 -0.101272 -0.062545 0.220205 0.973447 -0.875656 -0.132757 0.46433 -0.062545 0.220205 0.973447 -0.191935 0.083498 0.977849 -0.80436 -0.469642 0.363925 0.24975 -0.542121 0.802328 -0.489542 0.498002 0.715781 -0.071883 -0.082055 0.994032 0.582838 0.503313 0.637946 0.749085 0.643421 -0.157738 0.477593 0.815701 0.326401 0.292066 0.955528 -0.040782 0.332526 0.859211 -0.388823 -0.000185 0.994578 0.103992 0.292066 0.955528 -0.040782 0.477593 0.815701 0.326401 -0.422691 0.906245 0.007322 -0.333099 0.858877 -0.38907 0.000002 0.826994 -0.562211 -0.478328 0.815228 0.326506 -0.264155 0.680706 0.683273 0.005873 0.644112 0.764909 -0.422691 0.906245 0.007322 -0.7495 0.642903 -0.157875 -0.478328 0.815228 0.326506 -0.582959 0.503255 0.637883 -0.252006 0.967077 0.035418 -0.582959 0.503255 0.637883 -0.7495 0.642903 -0.157875 -0.541832 0.482689 -0.688062 -0.088116 -0.45647 -0.885365 -0.874709 -0.410635 -0.257417 0.088379 -0.456639 -0.885251 0.542196 0.482395 -0.687981 0.87453 -0.411256 -0.257033 0.332526 0.859211 -0.388823 0.466716 0.509031 -0.723231 0.000027 0.274524 -0.96158 0.000002 0.826994 -0.562211 -0.000047 0.167491 -0.985874 0.000054 0.156141 -0.987735 -0.466939 0.508903 -0.723177 -0.333099 0.858877 -0.38907 0.45997 0.476259 -0.749403 0.000027 0.274524 -0.96158 0.466716 0.509031 -0.723231 -0.461235 0.450391 -0.764467 -0.466939 0.508903 -0.723177 -0.7495 0.642903 -0.157875 -0.252006 0.967077 0.035418 0.494276 -0.128755 -0.859717 -0.000033 0.46665 0.884442 -0.264155 0.680706 0.683273 0.005873 0.644112 0.764909 -0.285614 0.561301 0.776766 -0.000033 0.46665 0.884442 0.582838 0.503313 0.637946 0.51411 0.855493 0.061828 0.749085 0.643421 -0.157738 0.749085 0.643421 -0.157738 0.51411 0.855493 0.061828 0.963522 0.13101 -0.233372 0.840398 0.537489 0.069547 -0.522895 -0.038658 -0.85152 -0.58025 0.383755 0.71836 -0.000051 0.293264 0.956032 -0.906214 0.327827 0.26703 -0.963135 0.134041 -0.233245 -0.840162 0.537815 0.069882 -0.886128 -0.016269 0.463156 -0.840162 0.537815 0.069882 -0.980518 -0.116946 -0.157825 -0.980518 -0.116946 -0.157825 0.507729 0.410597 0.757378 -0.394051 -0.461682 0.794716 0.767471 -0.589722 0.251428 0.950673 0.208555 0.229621 0.567106 0.466942 0.678495 0.580161 0.383905 0.718352 0.992356 0.052138 -0.111852 0.93031 0.158351 0.330829 -0.963135 0.134041 -0.233245 -0.000033 0.46665 0.884442 -0.000033 0.46665 0.884442 0.963522 0.13101 -0.233372 0.950673 0.208555 0.229621 -0.022777 -0.992573 -0.119498 -0.022777 -0.992573 -0.119498 -0.906214 0.327827 0.26703 -0.963135 0.134041 -0.233245 0.87453 -0.411256 -0.257033 -0.022777 -0.992573 -0.119498 -0.088116 -0.45647 -0.885365 -0.000047 0.167491 -0.985874 -0.874709 -0.410635 -0.257417 -0.963135 0.134041 -0.233245 0.088379 -0.456639 -0.885251 0.767471 -0.589722 0.251428 -0.394051 -0.461682 0.794716 -0.80436 -0.469642 0.363925 -0.071883 -0.082055 0.994032 0.24975 -0.542121 0.802328 -0.333099 0.858877 -0.38907 -0.000031 0.902783 -0.430096 -0.213185 0.898628 -0.383431 -0.000042 0.921147 -0.389214 -0.422691 0.906245 0.007322 -0.48176 0.868276 -0.118342 -0.539384 0.735327 0.410316 -0.553162 0.7459 0.371006 0.212916 0.898867 -0.383022 0.332526 0.859211 -0.388823 0.552739 0.746398 0.370633 0.539102 0.735741 0.409944 0.548628 0.834082 0.05757 0.481413 0.868455 -0.118441 0.489928 0.669491 0.558347 -0.264155 0.680706 0.683273 -0.489991 0.623524 0.609202 0.489898 0.624026 0.608762 0.22262 0.533347 0.816077 0.22251 0.532391 0.816731 0.22251 0.532391 0.816731 0.2224 0.531434 0.817384 0.546203 0.564195 0.61915 0.530749 0.571719 0.625654 0.530749 0.571719 0.625654 0.515116 0.57905 0.631947 0.101077 0.026589 0.994523 0.842952 0.149869 0.516693 0.811587 0.372507 0.450073 0.92473 0.138216 -0.354641 0.842952 0.149869 0.516693 0.830735 -0.018587 -0.556358 0.811587 0.372507 0.450073 0.074968 -0.097818 0.992377 -0.825393 0.287351 0.485958 -0.05476 -0.007769 0.998469 -0.643124 0.691712 0.328521 -0.883492 0.275014 -0.379221 -0.825393 0.287351 0.485958 -0.643124 0.691712 0.328521 -0.072396 -0.102029 0.992144 -0.382739 -0.421802 0.821945 0.402608 -0.581763 0.706724 -0.818317 -0.008322 -0.574708 -0.275175 -0.139318 -0.951246 0.274379 -0.139606 -0.951434 0.057215 -0.241177 -0.968793 0.000549 -0.413639 -0.910441 -0.055514 -0.237565 -0.969784 -0.501985 -0.579083 -0.642397 0.549602 -0.45777 -0.698845 0.494276 -0.128755 -0.859717 0.45997 0.476259 -0.749403 0.654462 0.254949 -0.711815 0.992356 0.052138 -0.111852 0.494276 -0.128755 -0.859717 0.413465 -0.530145 -0.740266 0.730439 0.658934 0.179626 0.896039 0.424473 -0.130139 0.51411 0.855493 0.061828 0.358279 0.401697 0.842778 0.591203 0.420785 0.688055 0.253121 -0.193702 0.947845 0.93031 0.158351 0.330829 0.567106 0.466942 0.678495 -0.336765 -0.826138 -0.451757 -0.886989 -0.461177 0.023806 -0.523303 -0.59353 -0.611454 0.365572 -0.258428 -0.894188 -0.381272 -0.046208 0.923307 -0.238631 -0.830136 0.503914 -0.218839 -0.470122 0.855041 0.314686 -0.165529 0.934651 -0.252006 0.967077 0.035418 0.191783 0.966774 0.169018 -0.285614 0.561301 0.776766 0.347071 0.363005 0.864737 -0.599532 0.127385 -0.790148 -0.724233 -0.278695 -0.630727 -0.557066 -0.805247 -0.203114 -0.671734 -0.717666 0.183651 -0.557066 -0.805247 -0.203114 -0.886128 -0.016269 0.463156 -0.980518 -0.116946 -0.157825 0.479106 0.784303 0.394114 -0.006727 0.933469 -0.358596 -0.292412 0.732172 -0.615158 -0.724233 -0.278695 -0.630727 -0.522895 -0.038658 -0.85152 -0.461235 0.450391 -0.764467 -0.522895 -0.038658 -0.85152 0.402608 -0.581763 0.706724 0.92715 -0.170205 0.333801 0.549602 -0.45777 -0.698845 0.807692 -0.120143 -0.577234 0.152215 -0.158434 -0.975566 -0.055514 -0.237565 -0.969784 0.144333 -0.200608 0.968981 -0.072396 -0.102029 0.992144 0.152215 -0.158434 -0.975566 -0.615329 -0.100819 -0.781797 -0.055514 -0.237565 -0.969784 -0.818317 -0.008322 -0.574708 -0.852276 -0.105369 0.51237 -0.825393 0.287351 0.485958 -0.382739 -0.421802 0.821945 -0.501985 -0.579083 -0.642397 -0.938655 -0.132917 0.318214 -0.797932 -0.080774 -0.597311 -0.166694 -0.19897 0.965725 0.074968 -0.097818 0.992377 -0.142917 -0.147063 -0.978748 0.057215 -0.241177 -0.968793 0.830735 -0.018587 -0.556358 0.625133 -0.1189 -0.771409 0.057215 -0.241177 -0.968793 -0.142917 -0.147063 -0.978748 0.839195 -0.117871 0.530903 0.842952 0.149869 0.516693 -0.778202 -0.498583 -0.381859 -0.000000 -0.485439 -0.874271 -0.000000 -0.999999 0.001157 -0.000000 -0.999999 0.001157 0.778202 -0.498584 -0.381858 0.544265 -0.781859 0.304094 -0.000000 -0.910985 0.41244 -0.544265 -0.781859 0.304093 -0.000000 -0.485439 -0.874271 0.413465 -0.530145 -0.740266 0.365572 -0.258428 -0.894188 0.161302 -0.321119 -0.933201 -0.001476 -0.270247 0.96279 -0.824179 -0.557699 -0.098491 -0.824179 -0.557699 -0.098491 -0.000385 0.102513 0.994732 -0.848433 0.322395 0.419789 -0.000002 0.33506 0.942197 -0.001476 -0.270247 0.96279 0.856279 0.121183 0.502097 0.161302 -0.321119 -0.933201 -0.848433 0.322395 0.419789 0.856279 0.121183 0.502097 0.000067 0.529397 0.848374 -0.466449 -0.347611 -0.813383 0.914162 -0.030686 -0.404187 0.914162 -0.030686 -0.404187 -0.466449 -0.347611 -0.813383 -0.000111 0.01464 0.999893 -0.334348 -0.863471 -0.377664 0.465479 -0.885048 0.004412 0.835147 0.26267 -0.483254 0.465479 -0.885048 0.004412 -0.814349 0.576223 0.069308 -0.000151 0.873245 0.487281 -0.334348 -0.863471 -0.377664 -0.814349 0.576223 0.069308 -0.334348 -0.863471 -0.377664 0.69207 -0.286122 0.662701 0.69207 -0.286122 0.662701 0.69207 -0.286122 0.662701 -0.691819 -0.288105 0.662104 -0.691819 -0.288105 0.662104 -0.691819 -0.288105 0.662104 -0.000305 -0.144019 0.989575 0.71743 0.661535 -0.218325 -0.000114 0.784898 0.619624 -0.717785 0.661132 -0.218379 -0.717785 0.661132 -0.218379 0.71743 0.661535 -0.218325 -0.000305 -0.144019 0.989575 -0.128491 0.156558 0.979275 -0.124858 0.179072 0.975881 -0.124858 0.179072 0.975881 -0.121158 0.201491 0.971968 -0.113707 0.212462 0.970531 -0.116746 0.194989 0.973833 -0.116746 0.194989 0.973833 -0.119746 0.177453 0.976817 -0.251353 -0.099875 -0.962729 -0.257956 -0.124604 -0.958088 0 -0.128969 -0.991649 0 -0.154754 -0.987953 0.257956 -0.124604 -0.958088 0.251353 -0.099876 -0.962729</float_array>
          <technique_common>
            <accessor source="#GeometrySource1-array" count="1403" stride="3">
              <param name="X" type="float"/>
              <param name="Y" type="float"/>
              <param name="Z" type="float"/>
            </accessor>
          </technique_common>
        </source>
        <source id="GeometrySource2" name="_0_0UV">
          <float_array id="GeometrySource2-array" count="2806">0.747651 0.151905 0.712293 0.146235 0.747651 0.189665 0.70709 0.185295 0.747651 0.247338 0.696015 0.250407 0.695849 0.185295 0.685441 0.250407 0.642745 0.239132 0.675034 0.14977 0.650651 0.239132 0.654153 0.16895 0.700719 0.146235 0.665694 0.14977 0.646047 0.16895 1.08739 0.429264 1.09106 0.430231 1.08745 0.429864 1.09089 0.430631 1.08412 0.430998 1.08388 0.430565 1.08278 0.433467 1.08328 0.433133 1.01507 0.069514 1.01414 0.068547 1.01494 0.066412 1.08789 0.434167 1.08405 0.434701 1.08782 0.433533 1.08425 0.434101 1.09106 0.433167 1.09126 0.433634 1.09196 0.432133 1.09156 0.432032 1.01827 0.065278 1.01864 0.068947 1.02174 0.066045 1.02187 0.06858 1.02241 0.067446 1.09089 0.430631 1.09106 0.430231 1.08745 0.429864 1.08739 0.429264 1.08412 0.430998 1.08388 0.430565 1.08278 0.433467 1.08328 0.433133 1.01494 0.066412 1.01414 0.068547 1.01507 0.069514 1.08425 0.434101 1.08405 0.434701 1.08782 0.433533 1.08789 0.434167 1.09106 0.433167 1.09126 0.433634 1.09196 0.432133 1.09156 0.432032 1.01827 0.065278 1.01864 0.068947 1.02174 0.066045 1.02187 0.06858 1.02241 0.067446 1.09299 0.430231 1.09299 0.431966 1.08398 0.431098 1.08388 0.433333 1.08388 0.433333 1.09299 0.431966 1.08398 0.431098 1.09299 0.430231 0.702253 0.482501 0.702286 0.479999 0.700585 0.480933 0.700719 0.478598 0.715295 0.481133 0.713094 0.482267 0.715395 0.482901 0.713261 0.484702 0.715963 0.480533 0.716029 0.482034 0.705422 0.4819 0.705455 0.484569 0.70809 0.482734 0.707923 0.485336 0.709324 0.485303 0.709491 0.482768 0.712026 0.482534 0.712126 0.485002 0.716896 0.4809 0.71683 0.479665 0.702253 0.482501 0.702286 0.479999 0.700585 0.480933 0.700719 0.478598 0.713094 0.482267 0.713261 0.484702 0.715496 0.480933 0.715595 0.482601 0.703954 0.483702 0.706356 0.485002 0.703921 0.4811 0.706289 0.482334 0.716029 0.482034 0.715963 0.480533 0.708791 0.482768 0.708624 0.485303 0.712026 0.482534 0.712126 0.485002 0.716896 0.4809 0.71683 0.479665 0.570795 0.092964 0.503549 0.081356 0.566859 0.045965 0.503515 0.055104 0.621831 0.089662 0.624799 0.037292 0.569928 0.045965 0.654153 0.16895 0.622631 0.149837 0.650651 0.239132 0.602317 0.23166 0.61566 0.089662 0.618462 0.037292 0.574131 0.092964 0.502615 0.081356 0.502548 0.055104 0.593911 0.124053 0.623031 0.123953 0.589975 0.197237 0.566325 0.193034 0.573997 0.197303 0.599148 0.410851 0.607988 0.409283 0.602217 0.414354 0.577967 0.197437 0.569361 0.193034 0.633472 0.409283 0.621364 0.409917 0.632438 0.396308 0.642312 0.410851 0.639209 0.414354 0.647315 0.41322 0.627668 0.414053 0.639643 0.390437 0.623565 0.393573 0.597314 0.23166 0.616394 0.149837 0.642745 0.239132 0.646047 0.16895 0.613758 0.414053 0.620096 0.409917 0.609022 0.396308 0.594145 0.41322 0.585706 0.197237 0.589408 0.124053 0.585706 0.197237 0.616794 0.123953 0.617894 0.393573 0.601817 0.390437 0.651284 0.275958 0.747651 0.299407 0.643345 0.275958 0.747651 0.247338 0.735009 0.13526 0.713227 0.13059 0.747317 0.13049 0.735876 0.130123 0.735876 0.13049 0.728605 0.128789 0.665427 0.126421 0.704054 0.131491 0.747651 0.14013 0.728504 0.13546 0.747651 0.036825 0.670898 0.089195 0.618462 0.037292 0.61566 0.089628 0.747317 0.130123 0.747651 0.121284 0.724635 0.123452 0.729405 0.123552 0.747651 0.088794 0.674734 0.126421 0.621831 0.089628 0.623065 0.123986 0.680571 0.089195 0.624833 0.037292 0.715762 0.131458 0.622598 0.149837 0.616394 0.149837 0.616827 0.123986 0.711226 0.485336 0.706823 0.485336 0.711226 0.482367 0.706823 0.482367 0.464488 0.368822 0.464488 0.348041 0.469392 0.368822 0.422226 0.339468 0.426962 0.339468 0.417656 0.339468 0.453114 0.271321 0.435802 0.326726 0.425928 0.271321 0.441973 0.33183 0.435802 0.348041 0.440105 0.348041 0.497511 0.368822 0.489439 0.368822 0.497511 0.348041 0.489439 0.348041 0.477931 0.368822 0.477931 0.348041 0.473494 0.368822 0.473494 0.348041 0.435802 0.368822 0.440105 0.368822 0.458884 0.368822 0.386001 0.368822 0.374993 0.368822 0.374993 0.348041 0.379963 0.368822 0.379963 0.348041 0.397175 0.368822 0.392172 0.368822 0.397175 0.348041 0.392172 0.348041 0.417656 0.322857 0.390637 0.271321 0.413486 0.271321 0.422226 0.322857 0.408616 0.368822 0.431732 0.368822 0.431732 0.348041 0.431732 0.326726 0.401278 0.253742 0.473561 0.253742 0.469058 0.271321 0.448944 0.368822 0.454215 0.368822 0.454215 0.348041 0.448944 0.348041 0.391504 0.331096 0.386001 0.348041 0.390904 0.348041 0.415021 0.339468 0.403813 0.368822 0.408616 0.348041 0.403813 0.348041 0.403179 0.331096 0.408616 0.326726 0.374993 0.320855 0.380931 0.339568 0.448944 0.326726 0.413253 0.326726 0.413253 0.348041 0.428397 0.322857 0.477931 0.326726 0.374993 0.271321 0.497511 0.320855 0.489439 0.320855 0.497511 0.271321 0.464488 0.326726 0.47156 0.331096 0.42903 0.322857 0.42903 0.339468 0.443841 0.348041 0.458884 0.348041 0.456549 0.33183 0.402579 0.368822 0.402579 0.348041 0.381231 0.368822 0.390904 0.368822 0.443841 0.368822 0.397175 0.326726 0.413053 0.318454 0.413253 0.368822 0.386001 0.326726 0.470359 0.340302 0.41362 0.321556 0.302376 0.034724 0.298207 0.039794 0.29824 0.029453 0.312083 0.2401 0.300908 0.232761 0.323658 0.232761 0.349075 0.153506 0.328961 0.153406 0.340936 0.006838 0.330929 0.006571 0.374993 0.247638 0.350343 0.200772 0.387368 0.239866 0.363752 0.192433 0.257145 0.231594 0.276725 0.205442 0.269487 0.239766 0.294004 0.1921 0.296872 0.1447 0.308881 0.153006 0.320956 0.006537 0.311149 0.006771 0.340836 0.225856 0.347841 0.233195 0.332597 0.233195 0.339235 0.219719 0.328594 0.218885 0.348908 0.22082 0.31812 0.219619 0.30738 0.200539 0.36115 0.1447 0.40468 0.217651 0.252308 0.216917 0.380664 0.206209 0.399777 0.231761 0.350643 0.007338 0.281728 0.247638 0.308547 0.220686 0.340836 0.240533 0.312083 0.225423 0.29407 0.034724 0.25531 0.368822 0.260581 0.368822 0.272055 0.368822 0.359082 0.368822 0.363985 0.368822 0.285498 0.368822 0.280628 0.368822 0.285498 0.326726 0.29347 0.33183 0.291135 0.368822 0.370023 0.368822 0.374993 0.368822 0.260581 0.331096 0.272055 0.326726 0.323057 0.339468 0.32776 0.339468 0.33233 0.339468 0.320989 0.339468 0.33233 0.330662 0.334965 0.339468 0.334965 0.330662 0.338901 0.314017 0.301075 0.368822 0.347441 0.368822 0.352844 0.368822 0.295805 0.368822 0.358482 0.331096 0.363985 0.331096 0.25531 0.331096 0.25531 0.271321 0.369389 0.331096 0.374993 0.331096 0.368789 0.368822 0.27856 0.33183 0.276491 0.368822 0.357814 0.368822 0.352844 0.331096 0.336733 0.368822 0.34137 0.368822 0.314184 0.368822 0.309881 0.368822 0.32776 0.317486 0.325659 0.311916 0.332297 0.271321 0.320989 0.330662 0.301075 0.326726 0.296872 0.271321 0.314184 0.326726 0.34684 0.253742 0.32239 0.313484 0.318254 0.368822 0.336566 0.323057 0.308013 0.33183 0.34137 0.331096 0.306145 0.368822 0.273756 0.253742 0.359382 0.271321 0.374993 0.271321 0.346807 0.331096 0.346206 0.368822 0.534337 0.612958 0.53994 0.580702 0.507918 0.610356 0.515157 0.559254 0.544911 0.562289 0.759059 0.612891 0.753989 0.580702 0.73691 0.601216 0.786044 0.610356 0.778706 0.559454 0.574665 0.576766 0.557052 0.601216 0.748885 0.562356 0.530934 0.656354 0.513289 0.657989 0.728504 0.63494 0.762761 0.524063 0.745616 0.541808 0.548346 0.541808 0.531235 0.524163 0.563857 0.564358 0.555585 0.556252 0.565058 0.548113 0.582837 0.545311 0.711092 0.545311 0.719298 0.576766 0.683106 0.599115 0.728905 0.548113 0.738345 0.556252 0.730106 0.564358 0.718498 0.602484 0.762995 0.656288 0.742347 0.661658 0.780507 0.658256 0.744416 0.698951 0.729405 0.688243 0.711893 0.716663 0.565492 0.63494 0.575465 0.602484 0.586706 0.641811 0.551649 0.661658 0.549614 0.698951 0.564558 0.688243 0.582036 0.716663 0.751687 0.709258 0.542009 0.708791 0.705755 0.73661 0.588207 0.73661 0.611157 0.715796 0.631637 0.747684 0.610856 0.599115 0.637942 0.631204 0.637942 0.585906 0.598915 0.664794 0.588908 0.687209 0.576199 0.662259 0.580068 0.669864 0.585005 0.687376 0.655988 0.631204 0.70729 0.641811 0.717764 0.662192 0.695048 0.664694 0.682806 0.715796 0.655988 0.585906 0.704988 0.687142 0.662292 0.747684 0.592844 0.503249 0.646915 0.503249 0.592844 0.522962 0.701052 0.522962 0.647115 0.503249 0.701085 0.503249 0.758792 0.506884 0.535137 0.506884 0.768365 0.506884 0.790648 0.506884 0.525597 0.506884 0.503315 0.506884 0.733741 0.758992 0.72607 0.775704 0.730939 0.772568 0.717463 0.75589 0.905961 0.791648 0.903325 0.771468 0.884346 0.782775 0.887581 0.771935 0.703154 0.774737 0.676669 0.817199 0.751454 0.771634 0.737611 0.782909 0.75172 0.789447 0.728571 0.785144 0.713194 0.835912 0.874205 0.827006 0.908262 0.837747 0.749286 0.838781 0.75589 0.951859 0.743548 0.952026 0.745149 0.987851 0.748985 0.90436 0.696949 0.901558 0.846753 0.88031 0.903059 0.897221 0.642945 0.873105 0.635807 0.904893 0.624833 0.898055 0.601016 0.940952 0.90526 0.926141 0.913066 0.972874 0.897955 0.94909 0.626434 0.927175 0.675701 0.959498 0.661425 0.996457 0.729305 0.966136 0.822469 0.925474 0.819768 0.911998 0.806225 0.94272 0.689177 0.926075 0.841349 0.99202 0.771401 0.954528 0.793049 0.963434 0.774036 0.974708 0.78978 0.974275 0.5299 0.968204 0.516057 0.979478 0.515791 0.961666 0.53377 0.992087 0.536205 0.98168 0.541408 0.975409 0.550048 0.995223 0.564324 0.976376 0.538573 0.967403 0.554317 0.915167 0.518225 0.912332 0.80319 0.91917 0.769133 0.908429 0.590809 0.933913 0.522362 0.763228 0.523963 0.799087 0.511588 0.79922 0.641077 0.823904 0.59181 0.791582 0.606086 0.754623 0.518526 0.84672 0.764296 0.773302 0.77944 0.797119 0.772101 0.820068 0.631704 0.846219 0.666495 0.810128 0.570562 0.849555 0.830608 0.8659 0.774303 0.848955 0.624566 0.878008 0.642678 0.853057 0.538206 0.784977 0.854892 0.820735 0.857594 0.834178 0.871136 0.803456 0.578334 0.825038 0.836046 0.754156 0.093398 0.450612 0.111878 0.439738 0.111811 0.459485 0.132325 0.439738 0.114546 0.433233 0.131891 0.459518 0.152873 0.459618 0.15374 0.439404 0.114913 0.46719 0.062143 0.475363 0.062076 0.490573 0.045097 0.475363 0.045064 0.490573 0.088794 0.41909 0.071482 0.402345 0.103939 0.40418 0.030988 0.475363 0.030788 0.490573 0.127889 0.420691 0.11111 0.405848 0.142932 0.409083 0.089528 0.475363 0.089562 0.490573 0.067313 0.475363 0.067279 0.490573 0.148269 0.387201 0.148736 0.328761 0.133693 0.352844 0.069614 0.391338 0.10644 0.385467 0.068314 0.337033 0.10644 0.3373 0.121751 0.475363 0.121751 0.490573 0.112011 0.334698 0.108809 0.328728 0.022548 0.475363 0.022615 0.490573 0.108408 0.38003 0.002768 0.490573 0.002735 0.475363 0.112278 0.371324 0.01034 0.380363 0.01034 0.367721 0.025584 0.380297 0.025584 0.367721 0.062843 0.347841 0.06281 0.358548 0.060742 0.348041 0.060775 0.358815 0.011074 0.361484 0.011074 0.349008 0.026284 0.361484 0.026284 0.348641 0.05387 0.358815 0.053837 0.348041 0.055938 0.358548 0.055938 0.347841 0.220586 0.450612 0.20214 0.459485 0.202073 0.439738 0.181659 0.439738 0.199405 0.433233 0.182093 0.459518 0.161078 0.459618 0.160244 0.439404 0.199071 0.46719 0.195435 0.3373 0.233562 0.337033 0.195435 0.385467 0.232528 0.376761 0.197937 0.40418 0.230393 0.402345 0.213081 0.41909 0.217951 0.490573 0.203641 0.490573 0.217751 0.475363 0.203641 0.475363 0.186663 0.490573 0.186562 0.475363 0.15891 0.409083 0.190765 0.405848 0.173987 0.420691 0.181459 0.490573 0.181392 0.475363 0.159177 0.490573 0.15921 0.475363 0.126988 0.475363 0.126988 0.490573 0.168183 0.352844 0.153139 0.328761 0.189331 0.334698 0.153573 0.387201 0.22619 0.475363 0.226123 0.490573 0.193434 0.38003 0.24597 0.490573 0.246037 0.475363 0.189098 0.371324 0.193067 0.328728 0.031588 0.367721 0.046765 0.367721 0.031588 0.380297 0.046765 0.380363 0.238832 0.347841 0.240933 0.348041 0.238865 0.358548 0.2409 0.358815 0.247772 0.358815 0.245737 0.358548 0.247838 0.348041 0.245737 0.347841 0.046065 0.361484 0.030821 0.361484 0.046065 0.349008 0.030821 0.348641 0.227157 0.419457 0.228859 0.411752 0.228692 0.426762 0.237765 0.41909 0.236097 0.426462 0.236063 0.411385 0.19677 0.325926 0.200639 0.325726 0.198704 0.331163 0.200639 0.31772 0.19677 0.317853 0.19677 0.309381 0.200639 0.309214 0.233562 0.418823 0.23126 0.41909 0.198704 0.304077 0.05904 0.310515 0.017412 0.310782 0.059441 0.306412 0.017211 0.304611 0.032989 0.446209 0.040761 0.452914 0.031922 0.448611 0.032856 0.441339 0.041695 0.44294 0.041628 0.446676 0.032222 0.437403 0.040928 0.434134 0.03936 0.42376 0.030454 0.427263 0.059241 0.30301 0.017045 0.299441 0.017512 0.295972 0.058974 0.300541 0.045865 0.431666 0.046832 0.441572 0.047266 0.341303 0.036858 0.335099 0.055738 0.334732 0.059641 0.319888 0.032622 0.319888 0.01511 0.341303 0.006637 0.334732 0.025484 0.335099 0.029753 0.319888 0.002735 0.319888 0.009239 0.445575 0.009273 0.455115 0.005036 0.445509 0.005036 0.455249 0.013576 0.445509 0.013509 0.455382 0.009339 0.445642 0.009306 0.455382 0.021114 0.445575 0.025284 0.445509 0.021114 0.455115 0.025284 0.455249 0.021047 0.455382 0.016878 0.455382 0.021047 0.445642 0.016811 0.445509 0.068247 0.302943 0.081189 0.302943 0.075585 0.315885 0.114746 0.302943 0.127922 0.302943 0.124186 0.315885 0.005703 0.41412 0.013976 0.395607 0.013976 0.414787 0.098101 0.302943 0.101737 0.315885 0.005337 0.394673 0.191933 0.302943 0.184561 0.315885 0.178957 0.302943 0.145401 0.302943 0.150871 0.315885 0.131891 0.302943 0.031455 0.41412 0.023182 0.414787 0.023182 0.395607 0.162045 0.302943 0.031822 0.394673 0.245503 0.26048 0.245503 0.273556 0.215983 0.26048 0.215983 0.273556 0.186429 0.273556 0.186429 0.26048 0.154507 0.273556 0.154507 0.26048 0.12502 0.273556 0.12502 0.26048 0.001267 0.26048 0.030788 0.26048 0.001267 0.273556 0.030788 0.273556 0.060341 0.273556 0.060341 0.26048 0.092297 0.273556 0.092297 0.26048 0.121751 0.273556 0.121751 0.26048 0.846686 0.632738 0.839148 0.632738 0.82804 0.644446 0.646414 0.5301 0.655687 0.523996 0.682739 0.526898 0.928543 0.89959 0.908996 0.927142 0.927109 0.854058 0.929644 0.807593 0.977444 0.859262 0.968504 0.860462 0.847554 0.606553 0.838848 0.600616 0.857494 0.590009 0.807759 0.545011 0.80806 0.561556 0.798953 0.546011 0.798953 0.581136 0.836412 0.696349 0.867334 0.706356 0.846553 0.730439 0.840616 0.560255 0.823103 0.58664 0.831809 0.559054 0.778539 0.783342 0.74565 0.737211 0.817499 0.744349 0.760193 0.727804 0.654153 0.559287 0.684307 0.553116 0.653986 0.566392 0.8189 0.546011 0.80926 0.50555 0.827206 0.615793 0.840349 0.525497 0.946856 0.856293 0.927709 0.824037 0.807059 0.595245 0.875339 0.590009 0.863765 0.552949 0.874139 0.552716 0.872938 0.528566 0.852957 0.559487 0.940785 0.612491 0.930745 0.628902 0.967637 0.6261 0.824037 0.560188 0.784543 0.680505 0.801255 0.630637 0.799687 0.606353 0.805858 0.625066 0.791648 0.561656 0.791648 0.546211 0.653953 0.53934 0.653986 0.551048 0.956362 0.890216 0.974808 0.891551 0.973607 0.954795 0.982314 0.951359 0.981413 0.97691 0.951892 0.917002 0.986216 0.65015 0.995956 0.680905 0.971506 0.690912 0.98725 0.706056 0.619562 0.524063 0.798987 0.523996 0.927242 0.927609 0.955762 0.945288 0.945555 0.979445 0.933346 0.979445 0.950291 0.964435 0.934214 0.959097 0.799353 0.506784 0.611157 0.531435 0.630937 0.546612 0.985215 0.886514 0.859462 0.784443 0.973107 0.921705 0.985716 0.926642 0.793249 0.58704 0.958997 0.921705 0.592744 0.523996 0.908763 0.666195 0.987984 0.883912 0.975842 0.646915 0.932846 0.667095 0.835312 0.673466 0.958797 0.739112 0.969505 0.738411 0.951359 0.778139 0.942152 0.739846 0.9141 0.740346 0.939084 0.706056 0.896454 0.706056 0.772635 0.709591 0.916034 0.979445 0.973641 0.552216 0.981013 0.555852 0.97224 0.592911 0.980045 0.594712 0.976043 0.612991 0.964635 0.595846 0.956963 0.599215 0.948457 0.539007 0.936916 0.540941 0.923339 0.612958 0.900891 0.633238 0.90099 0.609188 0.893686 0.563157 0.410351 0.814998 0.41889 0.823937 0.400711 0.823937 0.356313 0.814998 0.376494 0.823937 0.336066 0.823937 0.386101 0.900624 0.395074 0.910497 0.376594 0.910497 0.463921 0.814998 0.463154 0.823937 0.453114 0.823937 0.443641 0.823937 0.302409 0.814998 0.311049 0.823937 0.292836 0.823937 0.42823 0.900624 0.434701 0.910497 0.419891 0.910497 0.343271 0.900624 0.351844 0.910497 0.333664 0.910497 0.414554 0.887948 0.393072 0.887948 0.35548 0.887948 0.328394 0.887948 0.436069 0.887948 0.306746 0.887948 0.276358 0.82387 0.285264 0.887948 0.457483 0.887948 0.270454 0.823937 0.259647 0.823937 0.26465 0.887981 0.462887 0.910497 0.455282 0.974508 0.412252 0.974508 0.390604 0.974508 0.326026 0.974508 0.30858 0.910497 0.347507 0.974508 0.469225 0.900624 0.4338 0.974508 0.469225 0.974508 0.304411 0.974508 0.290434 0.910497 0.369022 0.974508 0.360316 0.764496 0.350343 0.764496 0.366554 0.800388 0.383165 0.764496 0.333898 0.800388 0.330395 0.764496 0.328227 0.755757 0.321156 0.719865 0.309681 0.719865 0.310382 0.764496 0.30391 0.800388 0.290334 0.764496 0.273723 0.800388 0.275224 0.764496 0.341136 0.719865 0.362351 0.755757 0.36115 0.719865 0.36652 0.719865 0.13416 0.965435 0.13416 0.979979 0.11568 0.965435 0.11568 0.979979 0.239366 0.979979 0.239366 0.965435 0.274457 0.979979 0.274457 0.965435 0.209912 0.979979 0.209912 0.980712 0.239366 0.980712 0.209912 0.994155 0.239366 0.994155 0.274457 0.980712 0.274457 0.994155 0.11568 0.980712 0.13416 0.980712 0.115914 0.994155 0.134226 0.994155 0.169484 0.979979 0.169484 0.965435 0.169484 0.980712 0.169484 0.994155 0.209912 0.965435 0.206877 0.558353 0.222521 0.559554 0.215116 0.579501 0.19687 0.580035 0.190565 0.560722 0.079555 0.670931 0.079555 0.680204 0.004069 0.694281 0.194335 0.721333 0.193667 0.738011 0.188497 0.715529 0.18713 0.742114 0.004069 0.512421 0.079555 0.547679 0.079555 0.559254 0.181459 0.721133 0.181459 0.737411 0.19767 0.537606 0.216617 0.53864 0.059007 0.605052 0.004069 0.594212 0.079555 0.598848 0.004069 0.547312 0.011975 0.605186 0.011975 0.618495 0.011975 0.634906 0.004069 0.618495 0.004069 0.648482 0.079555 0.63584 0.059007 0.632104 0.49551 0.949291 0.49551 0.810828 0.484802 0.949291 0.484802 0.810828 0.475496 0.949291 0.475496 0.810828 0.079555 0.618495 0.059007 0.618495 0.084425 0.559254 0.084425 0.547679 0.159911 0.547579 0.227758 0.718764 0.220686 0.724335 0.22639 0.74535 0.22072 0.740613 0.152205 0.605186 0.159911 0.618495 0.152205 0.618495 0.205509 0.684674 0.196303 0.663926 0.189198 0.687042 0.233595 0.724535 0.232928 0.741247 0.084425 0.670931 0.159911 0.720766 0.084425 0.680204 0.159911 0.693981 0.084425 0.63584 0.152205 0.634906 0.159911 0.648349 0.105006 0.632104 0.195502 0.706322 0.213748 0.705822 0.221153 0.685875 0.084425 0.598848 0.105006 0.605052 0.159911 0.593978 0.475496 0.949291 0.475496 0.810828 0.484802 0.949291 0.484802 0.810828 0.215249 0.66496 0.49551 0.810828 0.49551 0.949291 0.084425 0.618495 0.105006 0.618495 0.159911 0.512355 0.004069 0.720465 0.334231 0.548546 0.327293 0.55425 0.328327 0.541675 0.30738 0.566993 0.317253 0.566993 0.30738 0.705755 0.317253 0.705755 0.311115 0.504216 0.317553 0.5295 0.311115 0.5295 0.322757 0.504749 0.387335 0.5295 0.395107 0.504216 0.395107 0.5295 0.381397 0.504749 0.394707 0.566993 0.394707 0.705755 0.384266 0.566993 0.384266 0.705755 0.383632 0.70819 0.340369 0.70819 0.363752 0.705755 0.35201 0.705755 0.376461 0.5295 0.375493 0.566993 0.340502 0.705755 0.328494 0.5295 0.335999 0.506484 0.328494 0.566993 0.367988 0.506484 0.309514 0.541008 0.308147 0.551749 0.306312 0.546512 0.359149 0.506484 0.344839 0.506484 0.35201 0.506484 0.35201 0.548813 0.31722 0.538773 0.316019 0.556118 0.35201 0.576633 0.482734 0.705755 0.492608 0.705755 0.459618 0.70819 0.459485 0.705755 0.447977 0.705755 0.417589 0.70819 0.406515 0.705755 0.416989 0.705755 0.465723 0.548546 0.471627 0.541675 0.472694 0.55425 0.482734 0.566993 0.492608 0.566993 0.477197 0.504749 0.49094 0.504216 0.482434 0.5295 0.405281 0.504216 0.418557 0.504749 0.412619 0.5295 0.416989 0.566993 0.406515 0.566993 0.405281 0.5295 0.49094 0.5295 0.47146 0.566993 0.47146 0.5295 0.463955 0.506484 0.455115 0.506484 0.436235 0.705755 0.424461 0.566993 0.423493 0.5295 0.431966 0.506484 0.493675 0.546512 0.491807 0.551749 0.49044 0.541008 0.482768 0.538773 0.483968 0.556118 0.447977 0.576633 0.440805 0.506484 0.447977 0.548813 0.447977 0.506484 0.023182 0.783076 0.042496 0.772535 0.022982 0.815832 0.042429 0.809994 0.019013 0.972673 0.032455 0.973541 0.020914 0.992354 0.036391 0.992354 0.125687 0.960232 0.122451 0.954461 0.129023 0.952293 0.127422 0.943687 0.115914 0.952293 0.119216 0.960232 0.122451 0.961232 0.117481 0.943687 0.12045 0.941118 0.12502 0.941552 0.07772 0.992354 0.081623 0.973541 0.093164 0.992354 0.095099 0.972673 0.021715 0.957897 0.033022 0.943587 0.027118 0.964468 0.147269 0.825438 0.123119 0.773936 0.137829 0.781508 0.122051 0.773936 0.097901 0.825438 0.107308 0.781408 0.048733 0.992354 0.048333 0.970105 0.057039 0.970205 0.057039 0.992354 0.122585 0.807693 0.122585 0.828707 0.065778 0.970105 0.065378 0.992354 0.103338 0.918403 0.122585 0.93348 0.115246 0.933246 0.141798 0.918403 0.12989 0.933246 0.136094 0.961966 0.144 0.955728 0.10117 0.888415 0.122952 0.936215 0.106641 0.992354 0.007471 0.992354 0.018879 0.923273 0.042429 0.932212 0.051835 0.943587 0.06311 0.957897 0.057706 0.964468 0.109076 0.961966 0.101137 0.955728 0.083824 0.789947 0.084291 0.820735 0.144 0.887715 0.020847 0.892685 0.042362 0.890116 0.012141 0.788746 0.157542 0.790681 0.157542 0.820702 0.012842 0.888915 0.004536 0.820702 0.004536 0.879175 0.157376 0.877741 0.061876 0.815832 0.042496 0.772535 0.061642 0.783076 0.072683 0.788646 0.065979 0.923273 0.06391 0.892685 0.086226 0.874772 0.07285 0.888915 0.004569 0.790681 0.109676 0.971973 0.004403 0.971973 0.083824 0.732841 0.072683 0.73154 0.080489 0.760994 0.026051 0.759392 0.012141 0.73164 0.000867 0.733608 0.107308 0.724302 0.141832 0.76593 0.12542 0.719465 0.121284 0.752921 0.137862 0.724902 0.161178 0.733608 0.119716 0.719465 0.061642 0.726003 0.043163 0.715762 0.023182 0.726003 0.042429 0.752921 0.041695 0.715762 0.214448 0.863498 0.206977 0.863598 0.216283 0.844918 0.206977 0.84235 0.222821 0.870303 0.228825 0.855359 0.244403 0.878375 0.233462 0.89542 0.197637 0.844918 0.199472 0.863498 0.180458 0.89542 0.169517 0.878375 0.191099 0.870303 0.185128 0.855359 0.173587 0.917569 0.240366 0.917569 0.253109 0.904893 0.160811 0.904893 0.075952 0.71286 0.066679 0.71286 0.075952 0.707723 0.066679 0.707723 0.087627 0.714061 0.087627 0.706256 0.093498 0.714061 0.093498 0.706256 0.165982 0.661792 0.175355 0.718364 0.165982 0.705322 0.242835 0.684607 0.235196 0.707557 0.231994 0.685241 0.242835 0.707557 0.181292 0.672532 0.175355 0.527899 0.165982 0.582904 0.165982 0.540241 0.242835 0.560388 0.235196 0.539173 0.242835 0.539173 0.181292 0.572129 0.19807 0.637241 0.19807 0.607454 0.232061 0.559788 0.242835 0.59251 0.242835 0.652152 0.224522 0.660691 0.242835 0.622331 0.224789 0.584004 0.210512 0.636741 0.210546 0.608555 0.262115 0.393839 0.273623 0.393839 0.273623 0.415454 0.358882 0.393839 0.371824 0.393839 0.371824 0.415454 0.294571 0.415454 0.273623 0.446876 0.294571 0.393839 0.326726 0.415454 0.294571 0.446876 0.343171 0.415454 0.343138 0.393839 0.326726 0.393839 0.358882 0.415454 0.343171 0.446876 0.358882 0.446876 0.262115 0.446876 0.326726 0.446876 0.391037 0.446876 0.406715 0.415454 0.406715 0.446876 0.455315 0.393839 0.455315 0.415454 0.423193 0.393839 0.42316 0.415454 0.476263 0.446876 0.489606 0.415454 0.489606 0.446876 0.391037 0.415454 0.378095 0.446876 0.406715 0.393839 0.391004 0.393839 0.42316 0.446876 0.455315 0.446876 0.476263 0.415454 0.378095 0.415454 0.378095 0.393839 0.476263 0.393839 0.489639 0.393839 0.328461 0.497011 0.328461 0.47216 0.358782 0.497011 0.358782 0.47216 0.374993 0.47216 0.374993 0.497011 0.312516 0.47216 0.312516 0.497011 0.25958 0.47216 0.271088 0.47216 0.25958 0.497011 0.271088 0.497011 0.296772 0.47216 0.296772 0.497011 0.421525 0.497011 0.391204 0.497011 0.421525 0.47216 0.391204 0.47216 0.437503 0.47216 0.437503 0.497011 0.374993 0.47216 0.374993 0.497011 0.478932 0.497011 0.478932 0.47216 0.490406 0.497011 0.490406 0.47216 0.453214 0.47216 0.453214 0.497011 0.290635 0.469425 0.25958 0.469425 0.285931 0.458184 0.425895 0.458184 0.459385 0.469425 0.415621 0.469425 0.374993 0.469425 0.334365 0.469425 0.490406 0.469425 0.262115 0.415454 0.371824 0.446876 0.244603 0.736143 0.263082 0.753322 0.281528 0.736143 0.262215 0.548246 0.281828 0.548947 0.270321 0.618328 0.281828 0.618262 0.281828 0.531468 0.293337 0.618328 0.301442 0.548246 0.27389 0.666161 0.252241 0.666161 0.281828 0.681939 0.265984 0.601783 0.260147 0.601783 0.285731 0.682206 0.277926 0.682206 0.289701 0.708857 0.293103 0.715662 0.286198 0.715662 0.285097 0.695682 0.286365 0.70709 0.294471 0.696149 0.289767 0.700252 0.283196 0.709291 0.280194 0.700485 0.294704 0.708257 0.255177 0.529633 0.258145 0.546945 0.253442 0.542576 0.253576 0.579468 0.249006 0.584238 0.251541 0.566692 0.29357 0.729071 0.285931 0.736777 0.29357 0.731306 0.301209 0.736777 0.299207 0.739612 0.287966 0.739612 0.29357 0.744449 0.464722 0.761194 0.452847 0.76046 0.464755 0.758659 0.452613 0.757891 0.474028 0.758092 0.48637 0.758725 0.474162 0.76076 0.486337 0.761361 0.090229 0.7702 0.090395 0.780107 0.080255 0.7702 0.080255 0.780107 0.070148 0.780107 0.070282 0.7702</float_array>
          <technique_common>
            <accessor source="#GeometrySource2-array" count="1403" stride="2">
              <param name="S" type="float"/>
              <param name="T" type="float"/>
            </accessor>
          </technique_common>
        </source>
        <vertices id="Geometry-vertices">
          <input semantic="POSITION" source="#GeometrySource"/>
          <input semantic="NORMAL" source="#GeometrySource1"/>
          <input semantic="TEXCOORD" source="#GeometrySource2"/>
        </vertices>
        <triangles material="VisualMaterial0" count="1402">
          <input semantic="VERTEX" source="#Geometry-vertices" offset="0"/>
          <p>0 1 2 2 1 3 3 4 2 5 4 3 2 4 6 6 4 7 6 7 8 9 3 1 9 10 3 3 10 5 9 11 10 12 2 6 0 2 12 6 13 12 6 8 13 14 13 8 15 16 17 17 16 18 19 15 17 20 15 19 20 19 21 21 19 22 23 24 25 26 27 28 21 29 27 22 29 21 28 27 29 30 26 28 31 26 30 31 30 32 16 32 18 32 30 33 18 32 33 34 23 25 35 23 34 36 35 34 37 35 36 36 38 37 39 40 41 41 40 42 41 42 43 43 42 44 45 43 44 46 43 45 47 48 49 45 50 46 51 50 45 50 51 52 52 51 53 52 53 54 54 53 55 39 56 40 56 54 55 57 56 39 57 54 56 49 58 47 59 58 49 59 60 58 61 60 59 61 62 60 63 64 65 65 64 66 67 68 69 69 68 70 71 72 73 73 72 74 75 76 77 77 76 78 77 79 75 80 79 77 72 71 81 81 71 82 81 82 83 83 82 84 84 85 83 83 85 86 76 87 78 86 85 87 78 87 88 87 85 88 80 89 79 79 89 90 91 92 93 93 92 94 95 96 97 97 96 98 99 100 101 101 91 99 92 91 101 101 100 102 103 97 98 104 97 103 102 100 105 105 100 106 105 106 107 95 108 96 107 106 108 107 108 95 103 109 104 104 109 110 111 112 113 113 112 114 115 116 117 118 119 120 120 119 121 122 111 113 123 122 113 124 115 117 124 117 125 125 117 126 124 127 115 115 127 128 127 119 128 121 119 129 129 119 127 130 111 131 132 133 134 121 129 135 121 135 136 124 136 127 127 136 135 137 138 139 139 140 137 137 140 141 140 142 141 143 138 137 140 139 144 139 138 145 146 130 131 146 147 148 148 147 149 150 133 151 133 132 152 152 151 133 134 153 132 146 131 154 154 147 146 147 154 155 122 155 111 156 111 155 157 155 122 157 147 155 151 152 158 152 132 159 160 5 120 120 121 160 161 5 160 146 148 162 148 7 162 7 161 162 5 161 163 161 7 163 164 1 0 165 164 166 167 168 169 13 170 12 170 13 14 12 170 171 172 168 166 172 166 164 164 0 172 12 173 0 171 169 173 172 173 168 0 173 172 12 171 173 169 168 173 174 175 176 176 175 177 175 170 177 165 166 178 178 167 179 165 178 180 178 179 180 175 181 170 170 181 171 171 181 169 167 169 181 179 167 181 175 174 182 181 182 179 175 182 181 182 180 179 9 1 183 183 11 9 183 184 185 174 186 182 186 183 180 182 186 180 183 186 184 186 187 184 174 187 186 1 164 188 180 188 165 180 183 188 188 164 165 183 1 188 189 11 183 183 185 189 170 14 190 190 191 170 177 170 191 192 193 194 194 193 195 196 197 198 199 200 201 202 203 204 203 205 206 206 205 207 208 209 210 210 209 211 209 208 212 209 212 211 211 212 213 212 214 213 213 214 215 207 216 206 217 216 207 218 196 219 220 214 212 220 221 222 222 221 223 224 225 226 226 225 227 201 228 199 228 229 230 230 231 228 199 228 231 204 231 230 232 233 216 216 234 206 206 234 203 233 234 216 203 234 235 204 203 235 236 202 204 230 236 204 230 229 236 237 238 202 239 225 224 240 239 241 241 239 242 227 243 226 244 243 245 246 201 200 232 216 247 247 248 232 249 248 247 250 248 249 251 248 250 252 253 221 221 253 223 203 202 254 242 205 254 203 254 205 255 248 251 256 248 255 204 235 257 199 257 200 204 257 231 231 257 199 213 258 211 252 259 229 259 236 229 211 260 210 238 261 258 211 258 261 211 261 260 260 261 262 238 237 262 262 261 238 258 263 238 238 263 202 202 263 254 264 258 213 264 263 258 263 264 197 264 213 215 265 200 257 266 200 265 267 205 242 239 267 242 218 268 196 196 268 197 263 197 268 254 269 242 263 268 269 254 263 269 242 269 241 224 226 270 226 250 271 270 226 271 244 272 253 272 219 196 219 272 244 219 244 273 273 244 245 239 224 274 274 267 239 251 250 275 275 250 226 226 243 275 275 229 251 276 251 229 276 229 228 246 276 201 201 276 228 232 248 277 277 248 256 253 252 278 278 229 275 252 229 278 278 243 244 275 243 278 278 244 253 197 264 279 198 197 279 264 215 279 251 280 255 276 280 251 281 282 283 284 285 286 287 288 289 289 288 290 291 292 293 293 292 294 287 294 292 295 296 297 297 296 298 298 299 300 290 288 301 301 288 300 300 299 301 301 299 302 303 304 305 287 292 306 288 287 306 288 306 307 306 292 308 309 288 307 309 300 288 300 310 298 300 309 310 298 310 297 289 311 287 287 311 294 294 311 312 313 299 298 298 296 313 294 312 314 294 314 293 293 314 315 316 311 289 297 310 317 310 309 318 319 305 304 320 286 285 321 283 282 322 323 324 325 326 327 327 326 328 329 330 327 327 330 331 332 333 324 334 324 323 323 322 334 335 324 334 336 337 338 336 338 339 338 337 340 338 340 341 341 340 342 340 343 342 344 345 346 330 344 347 347 344 346 325 348 326 326 348 349 334 322 350 351 334 350 351 335 334 332 352 333 349 353 352 333 352 353 352 354 349 349 354 326 355 327 328 335 329 355 335 355 324 329 327 355 324 355 356 357 346 348 348 346 358 358 349 348 359 360 361 362 361 360 336 363 337 340 337 363 363 343 340 363 336 364 364 365 363 364 336 366 366 336 339 330 329 367 367 344 330 335 368 329 335 351 368 368 367 329 365 369 368 367 368 369 370 365 368 371 365 364 365 371 369 366 371 364 369 372 361 371 372 369 342 343 373 374 361 362 369 374 367 369 361 374 367 374 344 360 359 375 375 359 373 375 373 343 344 374 376 377 368 351 349 358 378 353 349 378 378 363 365 343 378 375 363 378 343 370 378 365 358 375 378 378 370 379 353 378 379 345 380 346 375 358 380 346 380 358 375 380 360 360 380 381 382 383 384 384 383 385 385 383 386 387 388 389 390 388 387 391 388 390 392 383 393 383 382 393 391 394 388 382 384 395 395 384 396 387 389 397 398 399 391 391 399 394 400 385 386 401 385 400 402 383 392 386 383 402 400 386 403 403 404 400 403 386 402 402 404 403 405 404 402 404 405 400 400 405 401 392 405 402 398 406 399 389 388 407 406 408 407 399 406 409 394 399 410 399 409 410 409 406 411 410 409 411 411 394 410 407 411 406 407 388 411 411 388 394 412 397 389 412 407 408 389 407 412 397 413 387 387 413 390 414 413 397 390 413 415 414 416 413 416 414 417 417 418 416 395 419 382 419 393 382 393 419 420 392 393 420 420 419 421 422 419 395 423 422 395 422 423 424 425 424 423 416 426 413 413 426 415 416 418 426 423 427 425 396 427 395 395 427 423 426 418 428 425 427 429 425 429 430 430 429 431 432 392 420 405 392 432 420 421 433 420 433 432 433 434 432 433 435 430 435 433 421 430 436 425 430 435 436 437 421 419 421 437 435 422 424 437 437 419 422 435 438 436 437 424 438 437 438 435 436 439 425 424 425 439 438 424 439 436 438 439 412 408 440 441 397 412 412 440 441 442 397 441 417 414 442 397 442 414 440 443 441 442 441 443 443 440 444 444 428 418 440 408 445 443 444 446 442 443 446 417 442 446 418 417 446 446 444 418 447 428 444 448 449 450 451 452 453 451 453 454 448 450 455 451 454 456 451 456 457 458 455 450 450 459 458 460 461 462 463 461 460 464 465 466 466 465 467 461 463 468 469 461 468 460 462 470 470 462 471 472 470 471 462 461 473 469 473 461 462 473 471 473 469 474 474 471 473 466 475 464 464 475 476 471 477 472 471 474 477 478 479 480 477 474 481 481 479 478 482 479 481 481 474 482 483 476 475 484 476 483 469 485 474 474 485 482 486 482 485 486 485 487 488 486 487 483 489 484 490 489 491 492 486 488 492 493 486 493 492 494 494 495 493 479 482 495 480 479 495 496 491 489 497 496 489 497 489 483 496 497 498 499 486 493 495 499 493 499 495 482 499 482 486 500 491 496 501 502 503 503 502 504 505 506 507 506 505 508 508 505 509 510 508 509 510 511 508 511 510 512 510 509 513 509 505 513 505 514 513 515 505 507 514 505 515 502 501 516 516 501 517 518 513 514 510 518 512 513 518 510 519 520 521 522 523 524 525 514 515 520 525 521 526 527 528 523 522 529 529 522 530 531 514 525 520 531 525 517 532 516 533 532 517 528 532 533 514 534 518 531 534 514 534 531 529 534 529 535 530 535 529 536 520 519 523 536 524 531 520 536 527 537 528 532 528 537 532 537 538 539 538 537 536 540 531 529 540 523 540 536 523 529 531 540 541 537 527 542 543 544 545 544 543 546 545 543 547 544 545 547 545 548 548 545 549 549 545 546 547 550 544 550 547 548 551 552 553 553 552 554 555 556 557 553 554 558 558 554 559 560 561 562 563 564 565 565 566 551 551 566 552 565 564 566 562 561 567 568 567 569 556 570 557 557 570 571 570 572 571 571 572 573 563 574 564 564 574 575 568 569 576 568 576 577 558 559 578 578 559 579 567 561 580 577 576 580 579 581 578 578 581 582 569 583 576 580 576 583 567 580 583 569 567 583 584 585 586 586 585 587 588 589 590 590 589 591 592 593 594 594 593 595 596 597 598 598 597 599 600 601 602 602 601 603 604 602 603 603 601 605 605 606 603 607 604 603 603 606 607 608 606 605 605 601 608 609 610 611 611 610 612 611 612 613 613 612 614 615 613 614 616 617 618 618 617 619 620 619 617 621 619 620 622 623 624 620 625 621 621 625 626 627 626 625 628 626 627 628 627 629 629 627 630 631 632 633 634 623 622 634 632 631 635 616 618 636 616 635 637 623 634 635 638 636 639 638 635 633 640 631 631 640 634 640 637 634 632 641 633 637 640 641 641 640 633 642 643 644 644 643 645 646 647 648 648 647 649 650 651 652 652 651 653 654 655 656 656 655 657 658 659 660 661 662 663 664 665 666 667 665 668 668 665 664 669 667 668 670 667 669 671 663 662 659 672 660 673 670 669 674 675 676 676 675 677 678 679 680 681 682 678 679 678 683 678 682 683 681 678 684 684 678 680 681 685 682 685 681 684 686 685 687 687 685 684 676 677 688 688 677 689 689 690 688 688 690 691 692 693 685 685 693 682 694 695 696 696 695 697 697 695 698 699 700 701 702 701 703 703 701 700 704 705 706 706 705 707 708 709 710 710 709 711 712 713 714 714 713 715 716 717 718 718 717 719 720 721 722 723 724 725 726 727 728 729 723 730 721 729 730 727 726 731 732 733 734 735 736 737 738 739 740 734 736 741 741 736 735 740 742 738 743 744 745 745 744 746 746 747 745 745 747 748 747 749 748 748 749 750 749 751 750 750 751 752 753 754 755 755 754 756 754 757 756 758 757 754 757 758 759 759 758 760 759 760 761 761 760 762 763 764 765 766 767 768 769 770 771 772 773 774 763 775 764 764 775 776 775 777 776 778 779 780 780 779 781 782 783 784 776 777 785 785 786 776 787 786 785 788 789 790 790 789 791 792 793 794 795 778 796 765 764 797 797 776 786 764 776 797 798 787 785 772 774 799 799 771 800 770 800 771 799 800 772 770 772 800 801 781 779 802 803 777 804 803 802 804 805 803 785 777 806 806 798 785 783 807 808 809 808 807 779 778 810 810 778 795 790 811 812 813 781 801 813 801 814 780 781 815 780 815 816 817 766 768 792 818 793 799 774 819 819 771 799 769 771 819 819 774 820 821 822 823 824 819 820 769 819 824 825 826 827 828 827 826 829 767 766 830 778 780 830 780 816 824 831 769 831 770 769 824 832 831 833 834 835 835 834 836 836 834 770 836 832 835 832 836 831 831 836 770 830 837 778 830 816 837 766 838 829 839 766 817 838 766 839 818 792 839 774 840 820 774 773 840 783 841 784 821 842 822 820 842 824 842 820 843 840 843 820 822 842 843 815 781 844 844 781 813 845 832 824 842 845 824 846 829 838 783 808 847 773 848 840 825 849 809 809 849 808 825 827 849 850 847 808 849 827 850 849 850 808 782 851 783 828 852 827 853 852 828 852 853 854 854 855 852 855 854 856 854 783 856 827 857 850 852 857 827 855 857 852 857 847 850 857 855 858 783 847 858 783 858 856 858 847 857 858 855 856 790 791 859 859 811 790 834 860 770 861 862 863 863 862 864 865 863 864 865 866 863 866 865 867 863 866 868 861 863 868 866 869 868 867 869 866 870 871 872 869 870 873 870 872 873 874 875 876 877 878 879 880 881 882 883 884 885 875 885 886 887 888 889 890 891 892 893 894 895 876 875 896 878 876 897 879 878 898 888 879 899 875 886 900 889 888 901 902 889 903 886 885 904 885 884 904 903 905 902 906 902 905 906 905 907 891 908 909 881 892 910 882 881 911 912 913 895 895 894 914 915 908 891 891 916 892 915 917 908 913 918 919 882 920 894 921 922 923 924 921 923 925 922 926 927 928 929 926 930 931 931 930 932 933 932 934 935 928 927 936 937 935 938 937 936 939 940 941 941 940 942 943 944 945 945 944 946 947 943 948 948 943 949 949 950 948 951 950 949 949 952 951 945 952 943 943 952 949 951 952 953 942 940 954 954 940 955 954 955 956 956 955 957 939 958 940 958 955 940 959 958 939 950 960 948 960 947 948 958 947 960 960 955 958 961 960 950 955 961 957 960 961 955 947 962 943 947 958 962 962 958 959 943 962 944 963 964 965 963 965 966 963 966 967 968 969 970 971 972 973 973 972 974 975 976 977 974 978 973 979 978 974 967 980 963 963 981 964 963 980 981 982 983 984 984 985 977 975 977 985 983 985 984 986 983 982 987 988 989 989 986 987 983 986 989 989 988 990 990 968 970 990 991 968 990 992 991 992 990 988 993 994 995 995 994 996 997 995 998 998 995 996 984 999 982 999 991 1000 1000 991 992 982 999 1000 1001 1002 1003 1004 1005 1006 1006 1005 1007 1008 1009 1010 1011 1012 1013 1014 1004 1015 1015 1004 1006 1016 1017 1018 1016 1019 1017 1020 1019 1016 1009 1021 1010 1021 1009 1022 1020 1022 1019 1022 1023 1021 1020 1023 1022 1013 1024 1011 1024 1025 1011 1026 1011 1025 1027 1001 1028 1028 1029 1008 1029 1001 1003 1028 1001 1029 1009 1008 1029 1030 1031 1032 1032 1031 1033 1011 1034 1012 1034 1011 1026 1035 1032 1033 1036 1032 1035 1023 1020 1037 1037 1027 1038 1038 1027 1028 1023 1037 1038 1003 1002 1039 970 969 1040 1041 1042 1043 1044 1045 1046 1046 1045 1047 1048 1049 1050 1049 1048 1051 1052 1053 1054 1053 1052 1055 1056 1057 1058 1058 1057 1059 1057 1060 1059 1061 1046 1047 1059 1061 1062 1061 1063 1062 1055 1052 1064 1062 1065 1059 1059 1065 1058 1061 1047 1066 1063 1061 1066 1049 1051 1067 1068 1067 1051 1069 1047 1045 1069 1066 1047 1064 1070 1055 1071 1072 1073 1064 1074 1070 1075 1067 1068 1075 1076 1077 1074 1064 1077 1067 1075 1077 1074 1077 1076 1042 1078 1043 1079 1078 1042 1078 1079 1071 1071 1079 1072 1066 1080 1063 1080 1066 1069 1080 1062 1063 1062 1080 1065 1081 1082 1083 1083 1084 1081 1084 1083 1085 1086 1087 1088 1089 1090 1091 1092 1082 1081 1093 1082 1092 1094 1095 1096 1097 1098 1099 1088 1087 1100 1100 1087 1101 1097 1099 1102 1095 1103 1096 1081 1104 1092 1104 1081 1084 1096 1105 1094 1105 1106 1094 1105 1107 1106 1083 1108 1085 1108 1086 1088 1109 1108 1088 1109 1088 1100 1099 1098 1110 1111 1110 1098 1112 1113 1114 1115 1091 1090 1115 1114 1116 1116 1091 1115 1116 1114 1113 1108 1117 1085 1084 1117 1104 1117 1108 1109 1117 1084 1085 1118 1110 1111 1110 1118 1119 1107 1105 1119 1107 1119 1120 1118 1120 1119 1121 1122 1123 1123 1122 1124 1125 1126 1127 1127 1126 1128 1129 1130 1131 1132 1131 1130 1133 1130 1134 1130 1129 1135 1135 1134 1130 1133 1136 1130 1137 1130 1136 1130 1138 1132 1139 1140 1141 1141 1140 1142 1143 1144 1145 1146 1147 1148 1149 1150 1151 1126 1152 1128 1153 1152 1126 1154 1155 1153 1153 1155 1152 1149 1156 1150 1147 1146 1156 1150 1156 1157 1156 1146 1157 1154 1158 1155 1155 1158 1159 1159 1140 1139 1158 1140 1159 1160 1161 1162 1161 1163 1164 1163 1165 1164 1166 1165 1163 1160 1167 1161 1161 1167 1157 1157 1167 1150 1138 1130 1168 1130 1137 1168 1169 1141 1142 1125 1127 1170 1144 1143 1171 1172 1144 1171 1173 1174 1175 1176 1160 1162 1177 1160 1176 1150 1178 1151 1179 1178 1150 1163 1161 1180 1180 1161 1157 1180 1157 1146 1181 1172 1171 1124 1182 1123 1123 1182 1181 1181 1182 1172 1123 1183 1121 1148 1184 1146 1146 1184 1185 1186 1181 1171 1186 1123 1181 1187 1123 1186 1187 1183 1123 1187 1186 1188 1146 1189 1180 1185 1189 1146 1124 1190 1182 1124 1191 1190 1190 1191 1192 1179 1193 1178 1190 1192 1193 1190 1193 1179 1173 1172 1194 1174 1173 1194 1182 1195 1172 1194 1172 1195 1182 1190 1195 1150 1196 1179 1167 1196 1150 1197 1179 1196 1197 1190 1179 1194 1195 1197 1197 1195 1190 1187 1198 1183 1169 1142 1199 1125 1170 1200 1201 1202 1203 1204 1205 1206 1203 1207 1201 1208 1209 1210 1209 1208 1211 1208 1212 1211 1203 1213 1207 1213 1203 1210 1203 1202 1214 1203 1214 1215 1204 1216 1205 1215 1217 1203 1217 1218 1204 1218 1216 1204 1219 1220 1221 1221 1220 1222 1223 1219 1224 1224 1219 1221 1225 1223 1224 1226 1223 1225 1220 1227 1222 1228 1227 1220 1229 1230 1231 1227 1228 1232 1232 1228 1231 1231 1230 1232 1229 1233 1230 1234 1226 1225 1234 1225 1235 1230 1233 1236 1237 1238 1239 1239 1238 1240 1241 1242 1243 1243 1242 1244 1245 1246 1247 1248 1249 1250 1249 1248 1251 1246 1245 1252 1253 1254 1255 1256 1257 1258 1254 1253 1259 1252 1245 1260 1245 1254 1260 1254 1259 1261 1260 1254 1261 1257 1256 1262 1263 1262 1256 1250 1264 1248 1264 1250 1265 1264 1265 1266 1267 1262 1263 1267 1263 1266 1266 1265 1268 1260 1261 1268 1266 1268 1269 1268 1261 1269 1267 1266 1269 1270 1271 1272 1273 1274 1275 1276 1277 1272 1276 1272 1278 1278 1272 1271 1276 1278 1279 1280 1277 1276 1279 1280 1276 1273 1281 1282 1279 1278 1283 1283 1281 1279 1282 1281 1283 1273 1275 1284 1284 1281 1273 1281 1284 1285 1285 1284 1286 1284 1275 1286 1272 1277 1287 1288 1281 1285 1288 1279 1281 1288 1280 1279 1289 1290 1291 1292 1293 1294 1295 1290 1294 1294 1293 1295 1295 1291 1290 1296 1297 1298 1299 1290 1289 1299 1289 1300 1294 1290 1301 1299 1301 1290 1302 1301 1299 1293 1303 1295 1295 1303 1291 1304 1303 1293 1296 1305 1297 1293 1292 1305 1305 1304 1293 1296 1304 1305 1299 1300 1306 1299 1306 1302 1302 1306 1307 1308 1297 1305 1305 1292 1308 1309 1297 1308 1310 1311 1312 1312 1311 1313 1313 1314 1312 1312 1314 1315 1310 1316 1311 1317 1316 1310 1318 1319 1320 1320 1319 1321 1319 1322 1321 1317 1322 1316 1321 1322 1323 1323 1322 1317 1324 1325 1326 1326 1325 1327 1326 1328 1324 1324 1328 1329 1327 1325 1330 1330 1325 1331 1332 1333 1334 1334 1333 1335 1333 1332 1336 1328 1336 1329 1336 1332 1337 1329 1336 1337 1338 1339 1340 1341 1342 1343 1341 1343 1344 1341 1344 1345 1340 1345 1338 1346 1342 1341 1272 1287 1347 1270 1272 1347 1286 1275 1348 1349 1350 1351 1352 1353 1354 1354 1353 1355 1353 1352 1356 1355 1353 1357 1353 1356 1358 1357 1353 1358 1359 1349 1351 1360 1349 1359 1361 1354 1355 1357 1361 1355 1362 1360 1359 1363 1360 1362 1361 1357 1364 1354 1361 1365 1366 1367 1368 1369 1366 1370 1371 1366 1372 1369 1371 1372 1366 1369 1372 1373 1369 1370 1374 1369 1373 1366 1371 1375 1376 1377 1378 1379 1380 1381 1382 1383 1384 1382 1384 1385 1386 1384 1387 1386 1387 1388 1389 1390 1391 1391 1390 1392 1393 1394 1395 1395 1394 1396 1397 1398 1399 1399 1398 1400 1400 1401 1399 1399 1401 1402</p>
        </triangles>
      </mesh>
    </geometry>
    <geometry id="Geometry1" name="_3_0">
      <mesh>
        <source id="GeometrySource3" name="_3_0Pos">
          <float_array id="GeometrySource3-array" count="69">0.440414 0 -0.762818 -0.440413 0 -0.762818 0.440414 0.49503 -0.762818 -0.440413 0.49503 -0.762818 -0.880827 0 0 -0.880827 0.49503 0 -0.440413 0 0.762818 -0.440413 0.49503 0.762818 0.440413 0 0.762818 0.440413 0.49503 0.762818 0.880827 0 0 0.880827 0.49503 0 0.440414 0.49503 -0.762818 -0.440413 0.49503 -0.762818 0 0.49503 0 -0.880827 0.49503 0 -0.440413 0.49503 0.762818 0.440413 0.49503 0.762818 0.880827 0.49503 0 -0.27647 0.086543 0.770674 0.27647 0.086543 0.770674 -0.27647 0.35375 0.770674 0.27647 0.35375 0.770674</float_array>
          <technique_common>
            <accessor source="#GeometrySource3-array" count="23" stride="3">
              <param name="X" type="float"/>
              <param name="Y" type="float"/>
              <param name="Z" type="float"/>
            </accessor>
          </technique_common>
        </source>
        <source id="GeometrySource4" name="_3_0Nrm">
          <float_array id="GeometrySource4-array" count="69">0.654654 0 -0.755929 -0.327327 0 -0.944911 0.261117 0.603023 -0.753778 -0.522233 0.603023 -0.603023 -0.98198 0 -0.188983 -0.783349 0.603023 0.150756 -0.654653 0 0.755929 -0.261116 0.603023 0.753779 0.327327 0 0.944911 0.522233 0.603023 0.603023 0.98198 0 0.188983 0.78335 0.603023 -0.150755 0.261117 0.603023 -0.753778 -0.522233 0.603023 -0.603023 0 1 0 -0.783349 0.603023 0.150756 -0.261116 0.603023 0.753779 0.522233 0.603023 0.603023 0.78335 0.603023 -0.150755 0 0 1 0 0 1 0 0 1 0 0 1</float_array>
          <technique_common>
            <accessor source="#GeometrySource4-array" count="23" stride="3">
              <param name="X" type="float"/>
              <param name="Y" type="float"/>
              <param name="Z" type="float"/>
            </accessor>
          </technique_common>
        </source>
        <source id="GeometrySource5" name="_3_0UV">
          <float_array id="GeometrySource5-array" count="46">0.399576 0.856542 0.399576 0.856542 0.399576 0.90075 0.399576 0.90075 0.399576 0.856542 0.399576 0.90075 0.399576 0.856542 0.399576 0.90075 0.399576 0.856542 0.399576 0.90075 0.399576 0.856542 0.399576 0.90075 0.40192 0.899806 0.40192 0.899806 0.40192 0.861353 0.40192 0.899806 0.40192 0.899806 0.40192 0.899806 0.40192 0.899806 0.99763 0.004749 0.99763 0.495268 0.752356 0.004749 0.752356 0.495268</float_array>
          <technique_common>
            <accessor source="#GeometrySource5-array" count="23" stride="2">
              <param name="S" type="float"/>
              <param name="T" type="float"/>
            </accessor>
          </technique_common>
        </source>
        <vertices id="Geometry1-vertices">
          <input semantic="POSITION" source="#GeometrySource3"/>
          <input semantic="NORMAL" source="#GeometrySource4"/>
          <input semantic="TEXCOORD" source="#GeometrySource5"/>
        </vertices>
        <triangles material="VisualMaterial0" count="20">
          <input semantic="VERTEX" source="#Geometry1-vertices" offset="0"/>
          <p>0 1 2 2 1 3 1 4 3 3 4 5 4 6 5 5 6 7 6 8 7 7 8 9 8 10 9 9 10 11 11 0 2 10 0 11 12 13 14 13 15 14 15 16 14 16 17 14 18 12 14 17 18 14 19 20 21 21 20 22</p>
        </triangles>
      </mesh>
    </geometry>
    <geometry id="Geometry2" name="_1_0">
      <mesh>
        <source id="GeometrySource6" name="_1_0Pos">
          <float_array id="GeometrySource6-array" count="396">0.216258 2.02138 0.203009 0.132656 2.01993 0.224771 0.218744 2.00385 0.212962 0.134053 1.99589 0.239024 -0.074712 0.903887 0.111504 -0.076085 0.985745 0.133941 -0.141787 0.899921 0.134457 -0.147691 0.985924 0.154178 -0.210835 0.900525 0.108733 -0.217914 0.990781 0.125536 -0.075562 0.705506 0.075915 -0.079868 0.796061 0.099947 -0.135107 0.702346 0.090864 -0.136943 0.794616 0.113721 -0.189262 0.70131 0.070936 -0.198226 0.794293 0.101005 0.175443 0.708538 0.072902 0.233935 0.702898 0.090956 0.182309 0.798883 0.09713 0.23847 0.795058 0.113882 0.300268 0.792118 0.1044 0.288968 0.699532 0.073898 0.255162 0.985829 0.154857 0.184773 0.98863 0.130889 0.246669 0.900109 0.134849 0.181118 0.906855 0.108407 0.316935 0.897741 0.112784 0.326934 0.987653 0.12994 0.049969 2.26742 0.130931 -0.039252 2.13381 0.195919 0.064554 2.26943 0.157564 -0.036541 2.09238 0.235553 -0.047625 2.23468 -0.243288 0.064992 2.23053 -0.292688 -0.069921 2.21439 -0.261974 0.065012 2.20519 -0.319993 -0.117578 2.19737 0.067866 -0.148529 2.19159 0.074864 -0.039252 2.13381 0.195919 -0.036541 2.09238 0.235553 0.177564 2.23468 -0.243288 0.273847 2.23586 -0.096955 0.199695 2.21439 -0.261974 0.305249 2.22252 -0.104595 0.247495 2.19738 0.067866 0.169335 2.13382 0.195919 0.278303 2.19159 0.074864 0.166315 2.09238 0.235553 0.064886 2.17958 0.118174 0.079913 2.26742 0.130931 -0.143999 2.23586 -0.096955 -0.175475 2.22252 -0.104595 -0.175475 2.22252 -0.104595 -0.143999 2.23586 -0.096955 -0.069921 2.21439 -0.261974 -0.047625 2.23468 -0.243288 0.169335 2.13382 0.195919 0.166315 2.09238 0.235553 0.273847 2.23586 -0.096955 0.305249 2.22252 -0.104595 0.199695 2.21439 -0.261974 0.177564 2.23468 -0.243288 0.297062 1.98815 0.083553 0.337297 1.92211 -0.051397 0.332239 2.00105 0.085137 0.370823 1.94084 -0.051337 0.303767 2.20803 -0.046917 0.29203 2.13317 -0.186473 0.26791 2.20888 -0.048779 0.254011 2.13126 -0.187564 0.305047 1.98959 -0.18452 0.269608 1.9759 -0.186392 0.337297 1.92211 -0.051397 0.370823 1.94084 -0.051337 0.303588 2.13576 0.081359 0.265117 2.13284 0.082505 -0.17262 2.14345 0.09032 -0.13525 2.13284 0.082505 -0.173858 2.21633 -0.037565 -0.138136 2.20888 -0.048779 -0.162233 2.13317 -0.186474 -0.124238 2.13126 -0.187564 -0.202495 2.00105 0.085137 -0.24105 1.94084 -0.051337 -0.207524 1.92211 -0.051397 -0.167233 1.98816 0.083555 -0.175274 1.98959 -0.18452 -0.139835 1.9759 -0.186392 -0.207524 1.92211 -0.051397 -0.24105 1.94084 -0.051337 -0.143701 1.36942 0.393328 0.064886 1.50734 0.328786 -0.14398 1.41363 0.371117 0.064886 1.56457 0.297958 -0.376395 1.52233 0.155086 -0.345677 1.55301 0.156896 -0.391818 1.5672 -0.008756 -0.360681 1.59962 -0.005437 -0.341169 1.51426 0.301454 -0.311563 1.54249 0.297543 -0.14398 1.41363 0.371117 -0.143701 1.36942 0.393328 0.490455 1.59962 -0.005437 0.475451 1.55301 0.156896 0.521591 1.5672 -0.008756 0.506168 1.52233 0.155086 -0.313979 1.50794 -0.252817 -0.290552 1.54358 -0.239439 0.064886 1.59187 -0.264646 0.064886 1.54918 -0.298295 -0.176805 1.42857 -0.389693 -0.182204 1.38036 -0.428789 0.210112 1.35929 0.371117 0.199749 1.31415 0.393328 0.306579 1.42857 -0.389693 0.311977 1.38036 -0.428789 0.420326 1.54358 -0.239439 0.443753 1.50794 -0.252817 0.306579 1.42857 -0.389693 0.311977 1.38036 -0.428789 0.199749 1.31415 0.393328 0.4484 1.44129 0.301454 0.210112 1.35929 0.371117 0.422724 1.4752 0.297543 -0.176805 1.42857 -0.389693 -0.182204 1.38036 -0.428789 0.479052 2.00022 -0.050565 0.397028 2.10772 -0.124722 0.394338 2.12793 -0.036742 0.455266 2.00548 0.017858 0.376352 2.11928 0.032577 0.419082 1.99406 0.063274</float_array>
          <technique_common>
            <accessor source="#GeometrySource6-array" count="132" stride="3">
              <param name="X" type="float"/>
              <param name="Y" type="float"/>
              <param name="Z" type="float"/>
            </accessor>
          </technique_common>
        </source>
        <source id="GeometrySource7" name="_1_0Nrm">
          <float_array id="GeometrySource7-array" count="396">0.209201 0.505081 0.837334 0.209331 0.50637 0.836523 0.209331 0.50637 0.836523 0.20946 0.507657 0.83571 0.326845 -0.244725 0.912843 0.296734 -0.221577 0.928899 0.088 -0.236096 0.967737 -0.159594 -0.219372 0.9625 -0.361753 -0.215227 0.90709 -0.381899 -0.198017 0.902742 0.24837 -0.23741 0.939121 0.241107 -0.233409 0.942012 -0.009247 -0.265341 0.96411 0.019341 -0.240035 0.970572 -0.32189 -0.319265 0.891323 -0.259807 -0.280261 0.924096 -0.307108 -0.224667 0.924775 -0.052565 -0.263401 0.963253 -0.299845 -0.220971 0.928044 -0.080358 -0.236895 0.968206 0.198896 -0.288978 0.936447 0.260907 -0.330641 0.906975 0.099479 -0.223829 0.969538 -0.354149 -0.20683 0.912031 -0.148537 -0.230068 0.961772 -0.384328 -0.228719 0.894416 0.304264 -0.228345 0.924815 0.325315 -0.212014 0.921531 0.17237 0.970662 -0.167644 -0.442399 0.706059 0.55296 -0.001286 0.945372 0.325992 -0.467401 0.594954 0.653886 -0.357037 0.814117 -0.457972 0.000198 0.769144 -0.639076 -0.321996 0.823876 -0.46642 0.000169 0.732988 -0.680241 -0.091668 0.92803 0.361049 -0.266929 0.868681 0.417304 -0.442399 0.706059 0.55296 -0.467401 0.594954 0.653886 0.358146 0.813168 -0.45879 0.354084 0.934645 -0.032611 0.322768 0.823331 -0.466848 0.385797 0.922255 -0.02462 0.092355 0.927927 0.361139 0.438837 0.704868 0.5573 0.26849 0.868033 0.417651 0.466102 0.593536 0.656098 0.010411 0.401519 -0.915791 -0.169379 0.970616 -0.170924 -0.353 0.935065 -0.032318 -0.38506 0.922567 -0.024464 -0.38506 0.922567 -0.024464 -0.353 0.935065 -0.032318 -0.321996 0.823876 -0.46642 -0.357037 0.814117 -0.457972 0.438837 0.704868 0.5573 0.466102 0.593536 0.656098 0.354084 0.934645 -0.032611 0.385797 0.922255 -0.02462 0.322768 0.823331 -0.466848 0.358146 0.813168 -0.45879 0.098566 -0.303295 0.947785 0.422381 -0.906386 -0.007672 0.254618 -0.609492 0.750793 0.487689 -0.872896 -0.014547 0.023232 0.99969 0.008943 0.017076 0.664036 -0.747506 -0.011474 0.999898 0.008535 0.020104 0.327321 -0.944699 0.243407 -0.454476 -0.856857 0.224655 -0.46442 -0.856647 0.422381 -0.906386 -0.007672 0.487689 -0.872896 -0.014547 -0.022478 0.508733 0.860631 -0.012654 0.505426 0.862777 0.301449 0.437914 0.846971 0.256299 0.457997 0.851205 0.256681 0.951487 0.169665 0.143182 0.971382 -0.189514 0.011623 0.661043 -0.750258 -0.020089 0.327321 -0.9447 -0.141888 -0.491671 0.859143 -0.487689 -0.872896 -0.014587 -0.422168 -0.906485 -0.007677 -0.137481 -0.482252 0.865178 -0.243405 -0.454477 -0.856857 -0.224655 -0.46442 -0.856647 -0.422168 -0.906485 -0.007677 -0.487689 -0.872896 -0.014587 -0.053435 0.448017 0.892427 0.080504 0.451167 0.888801 -0.07863 0.421599 0.903367 0.094229 0.472131 0.876478 -0.694715 0.682111 0.228245 -0.69014 0.685741 0.231228 -0.726604 0.684554 -0.05858 -0.717459 0.694543 -0.053499 -0.46 0.616232 0.639264 -0.474154 0.588048 0.655269 -0.07863 0.421599 0.903367 -0.053435 0.448017 0.892427 0.71747 0.694532 -0.053501 0.677753 0.644156 0.354561 0.726613 0.684545 -0.058581 0.6522 0.606383 0.4549 -0.503038 0.602996 -0.619152 -0.606205 0.620096 -0.497993 0 0.619037 -0.785362 0 0.625207 -0.780459 -0.203099 0.613253 -0.763329 -0.189228 0.631185 -0.752195 0.172001 0.386541 0.906092 0.136862 0.411869 0.900907 0.2031 0.613252 -0.76333 0.18923 0.631183 -0.752197 0.606209 0.620092 -0.497992 0.50304 0.602994 -0.619152 0.2031 0.613252 -0.76333 0.18923 0.631183 -0.752197 0.136862 0.411869 0.900907 0.331209 0.42537 0.842236 0.172001 0.386541 0.906092 0.502339 0.481777 0.718016 -0.203099 0.613253 -0.763329 -0.189228 0.631185 -0.752195 0.834737 0.545882 0.072298 0.823742 0.557551 -0.102891 0.829123 0.540968 0.141098 0.781868 0.484854 0.391916 0.755217 0.463791 0.463189 0.672445 0.384502 0.632437</float_array>
          <technique_common>
            <accessor source="#GeometrySource7-array" count="132" stride="3">
              <param name="X" type="float"/>
              <param name="Y" type="float"/>
              <param name="Z" type="float"/>
            </accessor>
          </technique_common>
        </source>
        <source id="GeometrySource8" name="_1_0UV">
          <float_array id="GeometrySource8-array" count="264">0.940591 0.163136 0.948782 0.948099 0.837522 0.155628 0.804758 0.95356 0.693498 0.661417 0.685307 0.866873 0.535823 0.66756 0.528997 0.879842 0.367909 0.677116 0.389751 0.894858 0.676434 0.672338 0.662782 0.875746 0.530362 0.679164 0.537871 0.885985 0.397942 0.684625 0.410229 0.892128 0.676434 0.672338 0.530362 0.679164 0.662782 0.875746 0.537871 0.885985 0.410229 0.892128 0.397942 0.684625 0.528997 0.879842 0.685307 0.866873 0.535823 0.66756 0.693498 0.661417 0.367909 0.677116 0.389751 0.894858 0.193852 22.0049 0.193852 20.9756 0.00546 21.953 0.004095 20.7619 0.17747 19.6323 0.17747 20.364 0.00546 19.5777 0.00546 20.4364 0.17747 17.147 0.00546 17.1484 0.17747 16.2303 0.00546 16.0194 0.17747 19.3845 0.17747 18.3736 0.00546 19.3838 0.00546 18.3272 0.17747 17.147 0.17747 16.2303 0.00546 17.1484 0.00546 16.0194 0.193852 22.366 0.193852 22.0049 0.17747 18.1115 0.00546 18.1818 0.00546 18.3272 0.17747 18.3736 0.00546 19.3838 0.17747 19.3845 0.193852 20.9756 0.004095 20.7619 0.17747 18.1115 0.00546 18.1818 0.00546 19.5777 0.17747 19.6323 0.193852 3.75281 0.193852 2.7542 0.00546 3.7494 0.00546 2.7542 0.00546 5.76368 0.00546 6.85103 0.193852 5.76436 0.193852 6.83396 0.00546 7.75408 0.193852 7.72268 0.193852 8.75132 0.00546 8.74996 0.00546 4.68589 0.193852 4.68589 0.00546 4.68589 0.193852 4.68589 0.00546 5.76368 0.193852 5.76436 0.00546 6.85103 0.193852 6.83396 0.00546 3.7494 0.00546 2.7542 0.193852 2.7542 0.193852 3.75281 0.00546 7.75408 0.193852 7.72268 0.193852 8.75132 0.00546 8.74996 0.00546 -0.197265 0.00546 1.16925 0.193852 0.008873 0.193852 1.4457 0.00546 4.71319 0.193852 4.70842 0.00546 5.54662 0.193852 5.54116 0.00546 3.87499 0.193852 3.88796 0.193852 2.51939 0.00546 2.27503 0.193852 5.54116 0.193852 4.70842 0.00546 5.54662 0.00546 4.71319 0.00546 6.81417 0.193852 6.76297 0.193852 8.21413 0.00546 8.37181 0.192487 9.75471 0.00546 10.0038 0.193852 0.008873 0.00546 -0.197265 0.192487 9.75471 0.00546 10.0038 0.193852 6.76297 0.00546 6.81417 0.193852 7.74998 0.00546 8.01823 0.00546 2.27503 0.00546 3.87499 0.193852 2.51939 0.193852 3.88796 0.193852 7.74998 0.00546 8.01823 0.745374 0.027303 0.745374 0.572682 0.48736 0.572682 0.48736 0.027303 0.266888 0.572682 0.266888 0.027303</float_array>
          <technique_common>
            <accessor source="#GeometrySource8-array" count="132" stride="2">
              <param name="S" type="float"/>
              <param name="T" type="float"/>
            </accessor>
          </technique_common>
        </source>
        <vertices id="Geometry2-vertices">
          <input semantic="POSITION" source="#GeometrySource6"/>
          <input semantic="NORMAL" source="#GeometrySource7"/>
          <input semantic="TEXCOORD" source="#GeometrySource8"/>
        </vertices>
        <triangles material="VisualMaterial10" count="96">
          <input semantic="VERTEX" source="#Geometry2-vertices" offset="0"/>
          <p>0 1 2 2 1 3 4 5 6 6 5 7 7 8 6 9 8 7 10 11 12 12 11 13 14 12 15 15 12 13 16 17 18 18 17 19 17 20 19 21 20 17 22 23 24 24 23 25 26 22 24 27 22 26 28 29 30 30 29 31 32 33 34 34 33 35 36 37 38 38 37 39 40 41 42 42 41 43 44 45 46 46 45 47 30 48 28 48 30 49 50 37 36 51 37 50 52 53 54 54 53 55 30 56 49 57 56 30 46 58 44 59 58 46 35 33 60 60 33 61 62 63 64 64 63 65 66 67 68 68 67 69 67 70 69 69 70 71 71 70 72 72 70 73 74 62 64 68 74 66 75 62 74 75 74 68 76 77 78 78 77 79 79 80 78 81 80 79 76 82 77 83 84 82 77 82 85 82 84 85 81 86 80 87 86 81 88 86 87 89 86 88 90 91 92 92 91 93 94 95 96 96 95 97 94 98 95 95 98 99 99 98 100 100 98 101 102 103 104 104 103 105 106 96 107 107 96 97 108 109 110 110 109 111 93 91 112 112 91 113 114 109 108 115 109 114 102 104 116 116 104 117 116 117 118 118 117 119 120 121 122 121 105 123 123 105 103 122 121 123 124 106 107 125 106 124 126 127 128 126 128 129 130 129 128 130 131 129</p>
        </triangles>
      </mesh>
    </geometry>
    <geometry id="Geometry3" name="_2_0">
      <mesh>
        <source id="GeometrySource9" name="_2_0Pos">
          <float_array id="GeometrySource9-array" count="12">-2.05843 0.011798 1.86177 2.05843 0.011798 1.86177 -2.05843 0.011798 -1.66864 2.05843 0.011798 -1.66864</float_array>
          <technique_common>
            <accessor source="#GeometrySource9-array" count="4" stride="3">
              <param name="X" type="float"/>
              <param name="Y" type="float"/>
              <param name="Z" type="float"/>
            </accessor>
          </technique_common>
        </source>
        <source id="GeometrySource10" name="_2_0Nrm">
          <float_array id="GeometrySource10-array" count="12">0 1 0 0 1 0 0 1 0 0 1 0</float_array>
          <technique_common>
            <accessor source="#GeometrySource10-array" count="4" stride="3">
              <param name="X" type="float"/>
              <param name="Y" type="float"/>
              <param name="Z" type="float"/>
            </accessor>
          </technique_common>
        </source>
        <source id="GeometrySource11" name="_2_0UV">
          <float_array id="GeometrySource11-array" count="8">0 0 1 0 0 1 1 1</float_array>
          <technique_common>
            <accessor source="#GeometrySource11-array" count="4" stride="2">
              <param name="S" type="float"/>
              <param name="T" type="float"/>
            </accessor>
          </technique_common>
        </source>
        <vertices id="Geometry3-vertices">
          <input semantic="POSITION" source="#GeometrySource9"/>
          <input semantic="NORMAL" source="#GeometrySource10"/>
          <input semantic="TEXCOORD" source="#GeometrySource11"/>
        </vertices>
        <triangles material="VisualMaterial20" count="2">
          <input semantic="VERTEX" source="#Geometry3-vertices" offset="0"/>
          <p>0 1 2 2 1 3</p>
        </triangles>
      </mesh>
    </geometry>
  </library_geometries>
  <library_controllers>
    <controller id="Controller">
      <skin source="#Geometry">
        <bind_shape_matrix>1 0 0 0 0 1 0 0 0 0 1 0 0 0 0 1</bind_shape_matrix>
        <source id="Controller-joints">
          <Name_array id="Controller-joints-array" count="4">S013 S013_shadow polySurface161 ROOMITEMS013_ALL</Name_array>
          <technique_common>
            <accessor source="#Controller-joints-array" count="4" stride="1">
              <param name="JOINT" type="Name"/>
            </accessor>
          </technique_common>
        </source>
        <source id="Controller-bind_poses">
          <float_array id="Controller-bind_poses-array" count="64">1 0 0 0 0 1 0 0 0 0 1 0 0 0 0 1 1 0 0 0 0 1 0 0 0 0 1 0 0 0 0 1 1 0 0 0 0 1 0 0 0 0 1 0 0 0 0 1 1 0 0 0 0 1 0 0 0 0 1 0 0 0 0 1</float_array>
          <technique_common>
            <accessor source="#Controller-bind_poses-array" count="4" stride="16">
              <param name="TRANSFORM" type="float4x4"/>
            </accessor>
          </technique_common>
        </source>
        <source id="Controller-weights">
          <float_array id="Controller-weights-array" count="1">1</float_array>
          <technique_common>
            <accessor source="#Controller-weights-array" count="1" stride="1">
              <param name="WEIGHT" type="float"/>
            </accessor>
          </technique_common>
        </source>
        <joints>
          <input semantic="JOINT" source="#Controller-joints"/>
          <input semantic="INV_BIND_MATRIX" source="#Controller-bind_poses"/>
        </joints>
        <vertex_weights count="1403">
          <input semantic="JOINT" source="#Controller-joints" offset="0"/>
          <input semantic="WEIGHT" source="#Controller-weights" offset="1"/>
          <vcount>1 1 1 1 1 1 1 1 1 1 1 1 1 1 1 1 1 1 1 1 1 1 1 1 1 1 1 1 1 1 1 1 1 1 1 1 1 1 1 1 1 1 1 1 1 1 1 1 1 1 1 1 1 1 1 1 1 1 1 1 1 1 1 1 1 1 1 1 1 1 1 1 1 1 1 1 1 1 1 1 1 1 1 1 1 1 1 1 1 1 1 1 1 1 1 1 1 1 1 1 1 1 1 1 1 1 1 1 1 1 1 1 1 1 1 1 1 1 1 1 1 1 1 1 1 1 1 1 1 1 1 1 1 1 1 1 1 1 1 1 1 1 1 1 1 1 1 1 1 1 1 1 1 1 1 1 1 1 1 1 1 1 1 1 1 1 1 1 1 1 1 1 1 1 1 1 1 1 1 1 1 1 1 1 1 1 1 1 1 1 1 1 1 1 1 1 1 1 1 1 1 1 1 1 1 1 1 1 1 1 1 1 1 1 1 1 1 1 1 1 1 1 1 1 1 1 1 1 1 1 1 1 1 1 1 1 1 1 1 1 1 1 1 1 1 1 1 1 1 1 1 1 1 1 1 1 1 1 1 1 1 1 1 1 1 1 1 1 1 1 1 1 1 1 1 1 1 1 1 1 1 1 1 1 1 1 1 1 1 1 1 1 1 1 1 1 1 1 1 1 1 1 1 1 1 1 1 1 1 1 1 1 1 1 1 1 1 1 1 1 1 1 1 1 1 1 1 1 1 1 1 1 1 1 1 1 1 1 1 1 1 1 1 1 1 1 1 1 1 1 1 1 1 1 1 1 1 1 1 1 1 1 1 1 1 1 1 1 1 1 1 1 1 1 1 1 1 1 1 1 1 1 1 1 1 1 1 1 1 1 1 1 1 1 1 1 1 1 1 1 1 1 1 1 1 1 1 1 1 1 1 1 1 1 1 1 1 1 1 1 1 1 1 1 1 1 1 1 1 1 1 1 1 1 1 1 1 1 1 1 1 1 1 1 1 1 1 1 1 1 1 1 1 1 1 1 1 1 1 1 1 1 1 1 1 1 1 1 1 1 1 1 1 1 1 1 1 1 1 1 1 1 1 1 1 1 1 1 1 1 1 1 1 1 1 1 1 1 1 1 1 1 1 1 1 1 1 1 1 1 1 1 1 1 1 1 1 1 1 1 1 1 1 1 1 1 1 1 1 1 1 1 1 1 1 1 1 1 1 1 1 1 1 1 1 1 1 1 1 1 1 1 1 1 1 1 1 1 1 1 1 1 1 1 1 1 1 1 1 1 1 1 1 1 1 1 1 1 1 1 1 1 1 1 1 1 1 1 1 1 1 1 1 1 1 1 1 1 1 1 1 1 1 1 1 1 1 1 1 1 1 1 1 1 1 1 1 1 1 1 1 1 1 1 1 1 1 1 1 1 1 1 1 1 1 1 1 1 1 1 1 1 1 1 1 1 1 1 1 1 1 1 1 1 1 1 1 1 1 1 1 1 1 1 1 1 1 1 1 1 1 1 1 1 1 1 1 1 1 1 1 1 1 1 1 1 1 1 1 1 1 1 1 1 1 1 1 1 1 1 1 1 1 1 1 1 1 1 1 1 1 1 1 1 1 1 1 1 1 1 1 1 1 1 1 1 1 1 1 1 1 1 1 1 1 1 1 1 1 1 1 1 1 1 1 1 1 1 1 1 1 1 1 1 1 1 1 1 1 1 1 1 1 1 1 1 1 1 1 1 1 1 1 1 1 1 1 1 1 1 1 1 1 1 1 1 1 1 1 1 1 1 1 1 1 1 1 1 1 1 1 1 1 1 1 1 1 1 1 1 1 1 1 1 1 1 1 1 1 1 1 1 1 1 1 1 1 1 1 1 1 1 1 1 1 1 1 1 1 1 1 1 1 1 1 1 1 1 1 1 1 1 1 1 1 1 1 1 1 1 1 1 1 1 1 1 1 1 1 1 1 1 1 1 1 1 1 1 1 1 1 1 1 1 1 1 1 1 1 1 1 1 1 1 1 1 1 1 1 1 1 1 1 1 1 1 1 1 1 1 1 1 1 1 1 1 1 1 1 1 1 1 1 1 1 1 1 1 1 1 1 1 1 1 1 1 1 1 1 1 1 1 1 1 1 1 1 1 1 1 1 1 1 1 1 1 1 1 1 1 1 1 1 1 1 1 1 1 1 1 1 1 1 1 1 1 1 1 1 1 1 1 1 1 1 1 1 1 1 1 1 1 1 1 1 1 1 1 1 1 1 1 1 1 1 1 1 1 1 1 1 1 1 1 1 1 1 1 1 1 1 1 1 1 1 1 1 1 1 1 1 1 1 1 1 1 1 1 1 1 1 1 1 1 1 1 1 1 1 1 1 1 1 1 1 1 1 1 1 1 1 1 1 1 1 1 1 1 1 1 1 1 1 1 1 1 1 1 1 1 1 1 1 1 1 1 1 1 1 1 1 1 1 1 1 1 1 1 1 1 1 1 1 1 1 1 1 1 1 1 1 1 1 1 1 1 1 1 1 1 1 1 1 1 1 1 1 1 1 1 1 1 1 1 1 1 1 1 1 1 1 1 1 1 1 1 1 1 1 1 1 1 1 1 1 1 1 1 1 1 1 1 1 1 1 1 1 1 1 1 1 1 1 1 1 1 1 1 1 1 1 1 1 1 1 1 1 1 1 1 1 1 1 1 1 1 1 1 1 1 1 1 1 1 1 1 1 1 1 1 1 1 1 1 1 1 1 1 1 1 1 1 1 1 1 1 1 1 1 1 1 1 1 1 1 1 1 1 1 1 1 1 1 1 1 1 1 1 1 1 1 1 1 1 1 1 1 1 1 1 1 1 1 1 1 1 1 1 1 1 1 1 1 1 1 1 1 1 1 1 1 1 1 1 1 1 1 1 1 1 1 1 1 1 1 1 1 1 1 1 1 1 1 1 1 1 1 1 1 1 1 1 1 1 1 1 1 1 1 1 1 1 1 1 1 1 1 1 1 1 1 1 1 1 1 1 1 1 1 1 1 1 1 1 1 1 1 1 1 1 1 1 1 1 1 1 1 1 1 1 1 1 1 1 1 1 1 1 1 1 1 1 1 1 1 1 1 1 1 1 1 1 1 1 1 1 1 1 1 1 1 1 1 1 1 1 1 1 1 1 1 1 1 </vcount>
          <v>0 0 0 0 0 0 0 0 0 0 0 0 0 0 0 0 0 0 0 0 0 0 0 0 0 0 0 0 0 0 0 0 0 0 0 0 0 0 0 0 0 0 0 0 0 0 0 0 0 0 0 0 0 0 0 0 0 0 0 0 0 0 0 0 0 0 0 0 0 0 0 0 0 0 0 0 0 0 0 0 0 0 0 0 0 0 0 0 0 0 0 0 0 0 0 0 0 0 0 0 0 0 0 0 0 0 0 0 0 0 0 0 0 0 0 0 0 0 0 0 0 0 0 0 0 0 0 0 0 0 0 0 0 0 0 0 0 0 0 0 0 0 0 0 0 0 0 0 0 0 0 0 0 0 0 0 0 0 0 0 0 0 0 0 0 0 0 0 0 0 0 0 0 0 0 0 0 0 0 0 0 0 0 0 0 0 0 0 0 0 0 0 0 0 0 0 0 0 0 0 0 0 0 0 0 0 0 0 0 0 0 0 0 0 0 0 0 0 0 0 0 0 0 0 0 0 0 0 0 0 0 0 0 0 0 0 0 0 0 0 0 0 0 0 0 0 0 0 0 0 0 0 0 0 0 0 0 0 0 0 0 0 0 0 0 0 0 0 0 0 0 0 0 0 0 0 0 0 0 0 0 0 0 0 0 0 0 0 0 0 0 0 0 0 0 0 0 0 0 0 0 0 0 0 0 0 0 0 0 0 0 0 0 0 0 0 0 0 0 0 0 0 0 0 0 0 0 0 0 0 0 0 0 0 0 0 0 0 0 0 0 0 0 0 0 0 0 0 0 0 0 0 0 0 0 0 0 0 0 0 0 0 0 0 0 0 0 0 0 0 0 0 0 0 0 0 0 0 0 0 0 0 0 0 0 0 0 0 0 0 0 0 0 0 0 0 0 0 0 0 0 0 0 0 0 0 0 0 0 0 0 0 0 0 0 0 0 0 0 0 0 0 0 0 0 0 0 0 0 0 0 0 0 0 0 0 0 0 0 0 0 0 0 0 0 0 0 0 0 0 0 0 0 0 0 0 0 0 0 0 0 0 0 0 0 0 0 0 0 0 0 0 0 0 0 0 0 0 0 0 0 0 0 0 0 0 0 0 0 0 0 0 0 0 0 0 0 0 0 0 0 0 0 0 0 0 0 0 0 0 0 0 0 0 0 0 0 0 0 0 0 0 0 0 0 0 0 0 0 0 0 0 0 0 0 0 0 0 0 0 0 0 0 0 0 0 0 0 0 0 0 0 0 0 0 0 0 0 0 0 0 0 0 0 0 0 0 0 0 0 0 0 0 0 0 0 0 0 0 0 0 0 0 0 0 0 0 0 0 0 0 0 0 0 0 0 0 0 0 0 0 0 0 0 0 0 0 0 0 0 0 0 0 0 0 0 0 0 0 0 0 0 0 0 0 0 0 0 0 0 0 0 0 0 0 0 0 0 0 0 0 0 0 0 0 0 0 0 0 0 0 0 0 0 0 0 0 0 0 0 0 0 0 0 0 0 0 0 0 0 0 0 0 0 0 0 0 0 0 0 0 0 0 0 0 0 0 0 0 0 0 0 0 0 0 0 0 0 0 0 0 0 0 0 0 0 0 0 0 0 0 0 0 0 0 0 0 0 0 0 0 0 0 0 0 0 0 0 0 0 0 0 0 0 0 0 0 0 0 0 0 0 0 0 0 0 0 0 0 0 0 0 0 0 0 0 0 0 0 0 0 0 0 0 0 0 0 0 0 0 0 0 0 0 0 0 0 0 0 0 0 0 0 0 0 0 0 0 0 0 0 0 0 0 0 0 0 0 0 0 0 0 0 0 0 0 0 0 0 0 0 0 0 0 0 0 0 0 0 0 0 0 0 0 0 0 0 0 0 0 0 0 0 0 0 0 0 0 0 0 0 0 0 0 0 0 0 0 0 0 0 0 0 0 0 0 0 0 0 0 0 0 0 0 0 0 0 0 0 0 0 0 0 0 0 0 0 0 0 0 0 0 0 0 0 0 0 0 0 0 0 0 0 0 0 0 0 0 0 0 0 0 0 0 0 0 0 0 0 0 0 0 0 0 0 0 0 0 0 0 0 0 0 0 0 0 0 0 0 0 0 0 0 0 0 0 0 0 0 0 0 0 0 0 0 0 0 0 0 0 0 0 0 0 0 0 0 0 0 0 0 0 0 0 0 0 0 0 0 0 0 0 0 0 0 0 0 0 0 0 0 0 0 0 0 0 0 0 0 0 0 0 0 0 0 0 0 0 0 0 0 0 0 0 0 0 0 0 0 0 0 0 0 0 0 0 0 0 0 0 0 0 0 0 0 0 0 0 0 0 0 0 0 0 0 0 0 0 0 0 0 0 0 0 0 0 0 0 0 0 0 0 0 0 0 0 0 0 0 0 0 0 0 0 0 0 0 0 0 0 0 0 0 0 0 0 0 0 0 0 0 0 0 0 0 0 0 0 0 0 0 0 0 0 0 0 0 0 0 0 0 0 0 0 0 0 0 0 0 0 0 0 0 0 0 0 0 0 0 0 0 0 0 0 0 0 0 0 0 0 0 0 0 0 0 0 0 0 0 0 0 0 0 0 0 0 0 0 0 0 0 0 0 0 0 0 0 0 0 0 0 0 0 0 0 0 0 0 0 0 0 0 0 0 0 0 0 0 0 0 0 0 0 0 0 0 0 0 0 0 0 0 0 0 0 0 0 0 0 0 0 0 0 0 0 0 0 0 0 0 0 0 0 0 0 0 0 0 0 0 0 0 0 0 0 0 0 0 0 0 0 0 0 0 0 0 0 0 0 0 0 0 0 0 0 0 0 0 0 0 0 0 0 0 0 0 0 0 0 0 0 0 0 0 0 0 0 0 0 0 0 0 0 0 0 0 0 0 0 0 0 0 0 0 0 0 0 0 0 0 0 0 0 0 0 0 0 0 0 0 0 0 0 0 0 0 0 0 0 0 0 0 0 0 0 0 0 0 0 0 0 0 0 0 0 0 0 0 0 0 0 0 0 0 0 0 0 0 0 0 0 0 0 0 0 0 0 0 0 0 0 0 0 0 0 0 0 0 0 0 0 0 0 0 0 0 0 0 0 0 0 0 0 0 0 0 0 0 0 0 0 0 0 0 0 0 0 0 0 0 0 0 0 0 0 0 0 0 0 0 0 0 0 0 0 0 0 0 0 0 0 0 0 0 0 0 0 0 0 0 0 0 0 0 0 0 0 0 0 0 0 0 0 0 0 0 0 0 0 0 0 0 0 0 0 0 0 0 0 0 0 0 0 0 0 0 0 0 0 0 0 0 0 0 0 0 0 0 0 0 0 0 0 0 0 0 0 0 0 0 0 0 0 0 0 0 0 0 0 0 0 0 0 0 0 0 0 0 0 0 0 0 0 0 0 0 0 0 0 0 0 0 0 0 0 0 0 0 0 0 0 0 0 0 0 0 0 0 0 0 0 0 0 0 0 0 0 0 0 0 0 0 0 0 0 0 0 0 0 0 0 0 0 0 0 0 0 0 0 0 0 0 0 0 0 0 0 0 0 0 0 0 0 0 0 0 0 0 0 0 0 0 0 0 0 0 0 0 0 0 0 0 0 0 0 0 0 0 0 0 0 0 0 0 0 0 0 0 0 0 0 0 0 0 0 0 0 0 0 0 0 0 0 0 0 0 0 0 0 0 0 0 0 0 0 0 0 0 0 0 0 0 0 0 0 0 0 0 0 0 0 0 0 0 0 0 0 0 0 0 0 0 0 0 0 0 0 0 0 0 0 0 0 0 0 0 0 0 0 0 0 0 0 0 0 0 0 0 0 0 0 0 0 0 0 0 0 0 0 0 0 0 0 0 0 0 0 0 0 0 0 0 0 0 0 0 0 0 0 0 0 0 0 0 0 0 0 0 0 0 0 0 0 0 0 0 0 0 0 0 0 0 0 0 0 0 0 0 0 0 0 0 0 0 0 0 0 0 0 0 0 0 0 0 0 0 0 0 0 0 0 0 0 0 0 0 0 0 0 0 0 0 0 0 0 0 0 0 0 0 0 0 0 0 0 0 0 0 0 0 0 0 0 0 0 0 0 0 0 0 0 0 0 0 0 0 0 0 0 0 0 0 0 0 0 0 0 0 0 0 0 0 0 0 0 0 0 0 0 0 0 0 0 0 0 0 0 0 0 0 0 0 0 0 0 0 0 0 0 0 0 0 0 0 0 0 0 0 0 0 0 0 0 0 0 0 0 0 0 0 0 0 0 0 0 0 0 0 0 0 0 0 0 0 0 0 0 0 0 0 0 0 0 0 0 0 0 0 0 0 0 0 0 0 0 0 0 0 0 0 0 0 0 0 0 0 0 0 0 0 0 0 0 0 0 0 0 0 0 0 0 0 0 0 0 0 0 0 0 0 0 0 0 0 0 0 0 0 0 0 0 0 0 0 0 0 0 0 0 0 0 0 0 0 0 0 0 0 0 0 0 0 0 0 0 0 0 0 0 0 0 0 0 0 0 0 0 0 0 0 0 0 0 0 0 0 0 0 0 0 0 0 0 0 0 0 0 0 0 0 0 0 0 0 0 0 0 0 0 0 0 0 0 0 0 0 0 0 0 0 0 0 0 0 0 0 0 0 0 0 0 0 0 0 0 0 0 0 0 0 0 0 0 0 0 0 0 0 0 0 0 0 0 0 0 0 0 0 0 0 0 0 0 0 0 0 0 0 0 0 0 0 0 0 0 0 0 0 0 0 0 0 0 0 0 0 0 0 0 0 0 0 0 0 0 0 0 0 0 0 0 0 0 0 0 0 0 0 0 0 0 0 0 0 0 0 0 0 0 0 0 0 0 0 0 0 0 0 0 0 0 0 0 0 0 0 0 0 0 0 0 0 0 0 0 0 0 0 0 0 0 0 0 0 0 0 0 0 0 0 0 0 0 0 0 0 0 0 0 0 0 0 0 0 0 0 0 0 0 0 0 0 0 0 0 0 0 0 0 0 0 0 0 0 0 0 0 0 0 0 0 0 0 0 0 0 0 0 0 0 0 0 0 0 0 0 0 0 0 0 0 0 0 0 0 0 0 0 0 0 0 0 0 0 0 0 0 0 0 0 0 0 0 0 0 0 0 0 0 0 0 0 0 0 0 0 0 0 0 0 0 0 0 0 0 0 0 0 0 0 0 0 0 0 0 0 0 0 0 0 0 0 0 0 0 0 0 0 0 0 0 0 0 0 0 0 0 0 0 0 0 0 0 0 0 0 0 0 0 0 0 0 0 0 0 0 0 0 0 0 0 0 0 0 0 0 0 0 0 0 0 0 0 0 0 0 0 0 0 0 0 0 0 0 0 0 0 0 0 0 0 0 0 0 0 0 0 0 0 0 0 0 0 0 0 0 0 0 0 0 0 0 0 0 0 0 0 0 0 0 0 0 0 0 0 0 0 0 0 0 0 0 0 0 0 0 0 0 0 0 0 0 0 0 0 0 0 0 0 0 0 0 0 0 0 0 0 0 0 0 0 0 0 0 0 0 0 0 0 0 0 0 0 0 0 0 0 0 0 0 0 0 0 0 0 0 0 0 0 0 0 0 0 0 0 0 0 0 0 0 0 0 0 0 0 0 0 0 0 0 0 0 0 0 0 0 0 0 0 0 0 0 0 0 0 0 0 0 0 0 0 0 0 0 0 0 0 0 0 0 0 0 0 0 0 0 0 0 0 0 0 0 0 0 0 0 0 0 0 0 0 0 0 0 0 0 0 0 0 0 0 0 0 0 0 0 0 0 0 0 0 0 0 0 0 0 0 0 0 0 0 0 0 0 0 0 0 0 0 0 0 0 0 0 0 0 0 0 0 0 0 0 0 0 0 0 0 0 0 0 0 0 0 0 0 0 0 0 0 0 0 0 0 0 0 0 0 0 0 0 0 0 0 0 0 0 0 0 0 0 0 0 0 0 0 0 0 0 0 0 0 0 0 0 0 0 0 0 0 0 0 0 0 0 0 0 0 0 0 0 0 0 0 0 0 0 0 0 0 0 0 0 0 0 0 0 0 0 0 0 0 0 0 0 0 0 0 0 0 0 0 0 0 0 0 0 0 0 0 0 0 0 0 0 0 0 0 0 0 0 0 0 0 0 0 0 0 0 0 0 0 0 0 0 0 0 0 0 0 0 0 0 0 0 0 0 0 0 0 0 0 0 0 0 0 0 0 0 0 0 0 0 0 0 0 0 0 0 0 0 0 0 0 0 0 0 0 0 0 0 0 0 0 0 0 0 0 0 0 0 0 0 0 0 0 0 0 0 0 0 0 0 0 0 0 0 0 0 0 0 0 0 0 0 0 0</v>
        </vertex_weights>
      </skin>
      <extra>
        <technique profile="FCOLLADA">
          <user_properties>SkinController</user_properties>
        </technique>
      </extra>
    </controller>
    <controller id="Controller1">
      <skin source="#Geometry1">
        <bind_shape_matrix>1 0 0 0 0 1 0 0 0 0 1 0 0 0 0 1</bind_shape_matrix>
        <source id="Controller1-joints">
          <Name_array id="Controller1-joints-array" count="4">S013 S013_shadow polySurface161 ROOMITEMS013_ALL</Name_array>
          <technique_common>
            <accessor source="#Controller1-joints-array" count="4" stride="1">
              <param name="JOINT" type="Name"/>
            </accessor>
          </technique_common>
        </source>
        <source id="Controller1-bind_poses">
          <float_array id="Controller1-bind_poses-array" count="64">1 0 0 0 0 1 0 0 0 0 1 0 0 0 0 1 1 0 0 0 0 1 0 0 0 0 1 0 0 0 0 1 1 0 0 0 0 1 0 0 0 0 1 0 0 0 0 1 1 0 0 0 0 1 0 0 0 0 1 0 0 0 0 1</float_array>
          <technique_common>
            <accessor source="#Controller1-bind_poses-array" count="4" stride="16">
              <param name="TRANSFORM" type="float4x4"/>
            </accessor>
          </technique_common>
        </source>
        <source id="Controller1-weights">
          <float_array id="Controller1-weights-array" count="1">1</float_array>
          <technique_common>
            <accessor source="#Controller1-weights-array" count="1" stride="1">
              <param name="WEIGHT" type="float"/>
            </accessor>
          </technique_common>
        </source>
        <joints>
          <input semantic="JOINT" source="#Controller1-joints"/>
          <input semantic="INV_BIND_MATRIX" source="#Controller1-bind_poses"/>
        </joints>
        <vertex_weights count="23">
          <input semantic="JOINT" source="#Controller1-joints" offset="0"/>
          <input semantic="WEIGHT" source="#Controller1-weights" offset="1"/>
          <vcount>1 1 1 1 1 1 1 1 1 1 1 1 1 1 1 1 1 1 1 1 1 1 1 </vcount>
          <v>2 0 2 0 2 0 2 0 2 0 2 0 2 0 2 0 2 0 2 0 2 0 2 0 2 0 2 0 2 0 2 0 2 0 2 0 2 0 2 0 2 0 2 0 2 0</v>
        </vertex_weights>
      </skin>
      <extra>
        <technique profile="FCOLLADA">
          <user_properties>SkinController</user_properties>
        </technique>
      </extra>
    </controller>
    <controller id="Controller2">
      <skin source="#Geometry2">
        <bind_shape_matrix>1 0 0 0 0 1 0 0 0 0 1 0 0 0 0 1</bind_shape_matrix>
        <source id="Controller2-joints">
          <Name_array id="Controller2-joints-array" count="4">S013 S013_shadow polySurface161 ROOMITEMS013_ALL</Name_array>
          <technique_common>
            <accessor source="#Controller2-joints-array" count="4" stride="1">
              <param name="JOINT" type="Name"/>
            </accessor>
          </technique_common>
        </source>
        <source id="Controller2-bind_poses">
          <float_array id="Controller2-bind_poses-array" count="64">1 0 0 0 0 1 0 0 0 0 1 0 0 0 0 1 1 0 0 0 0 1 0 0 0 0 1 0 0 0 0 1 1 0 0 0 0 1 0 0 0 0 1 0 0 0 0 1 1 0 0 0 0 1 0 0 0 0 1 0 0 0 0 1</float_array>
          <technique_common>
            <accessor source="#Controller2-bind_poses-array" count="4" stride="16">
              <param name="TRANSFORM" type="float4x4"/>
            </accessor>
          </technique_common>
        </source>
        <source id="Controller2-weights">
          <float_array id="Controller2-weights-array" count="1">1</float_array>
          <technique_common>
            <accessor source="#Controller2-weights-array" count="1" stride="1">
              <param name="WEIGHT" type="float"/>
            </accessor>
          </technique_common>
        </source>
        <joints>
          <input semantic="JOINT" source="#Controller2-joints"/>
          <input semantic="INV_BIND_MATRIX" source="#Controller2-bind_poses"/>
        </joints>
        <vertex_weights count="132">
          <input semantic="JOINT" source="#Controller2-joints" offset="0"/>
          <input semantic="WEIGHT" source="#Controller2-weights" offset="1"/>
          <vcount>1 1 1 1 1 1 1 1 1 1 1 1 1 1 1 1 1 1 1 1 1 1 1 1 1 1 1 1 1 1 1 1 1 1 1 1 1 1 1 1 1 1 1 1 1 1 1 1 1 1 1 1 1 1 1 1 1 1 1 1 1 1 1 1 1 1 1 1 1 1 1 1 1 1 1 1 1 1 1 1 1 1 1 1 1 1 1 1 1 1 1 1 1 1 1 1 1 1 1 1 1 1 1 1 1 1 1 1 1 1 1 1 1 1 1 1 1 1 1 1 1 1 1 1 1 1 1 1 1 1 1 1 </vcount>
          <v>0 0 0 0 0 0 0 0 0 0 0 0 0 0 0 0 0 0 0 0 0 0 0 0 0 0 0 0 0 0 0 0 0 0 0 0 0 0 0 0 0 0 0 0 0 0 0 0 0 0 0 0 0 0 0 0 0 0 0 0 0 0 0 0 0 0 0 0 0 0 0 0 0 0 0 0 0 0 0 0 0 0 0 0 0 0 0 0 0 0 0 0 0 0 0 0 0 0 0 0 0 0 0 0 0 0 0 0 0 0 0 0 0 0 0 0 0 0 0 0 0 0 0 0 0 0 0 0 0 0 0 0 0 0 0 0 0 0 0 0 0 0 0 0 0 0 0 0 0 0 0 0 0 0 0 0 0 0 0 0 0 0 0 0 0 0 0 0 0 0 0 0 0 0 0 0 0 0 0 0 0 0 0 0 0 0 0 0 0 0 0 0 0 0 0 0 0 0 0 0 0 0 0 0 0 0 0 0 0 0 0 0 0 0 0 0 0 0 0 0 0 0 0 0 0 0 0 0 0 0 0 0 0 0 0 0 0 0 0 0 0 0 0 0 0 0 0 0 0 0 0 0 0 0 0 0 0 0 0 0 0 0 0 0</v>
        </vertex_weights>
      </skin>
      <extra>
        <technique profile="FCOLLADA">
          <user_properties>SkinController</user_properties>
        </technique>
      </extra>
    </controller>
    <controller id="Controller3">
      <skin source="#Geometry3">
        <bind_shape_matrix>1 0 0 0 0 1 0 0 0 0 1 0 0 0 0 1</bind_shape_matrix>
        <source id="Controller3-joints">
          <Name_array id="Controller3-joints-array" count="4">S013 S013_shadow polySurface161 ROOMITEMS013_ALL</Name_array>
          <technique_common>
            <accessor source="#Controller3-joints-array" count="4" stride="1">
              <param name="JOINT" type="Name"/>
            </accessor>
          </technique_common>
        </source>
        <source id="Controller3-bind_poses">
          <float_array id="Controller3-bind_poses-array" count="64">1 0 0 0 0 1 0 0 0 0 1 0 0 0 0 1 1 0 0 0 0 1 0 0 0 0 1 0 0 0 0 1 1 0 0 0 0 1 0 0 0 0 1 0 0 0 0 1 1 0 0 0 0 1 0 0 0 0 1 0 0 0 0 1</float_array>
          <technique_common>
            <accessor source="#Controller3-bind_poses-array" count="4" stride="16">
              <param name="TRANSFORM" type="float4x4"/>
            </accessor>
          </technique_common>
        </source>
        <source id="Controller3-weights">
          <float_array id="Controller3-weights-array" count="1">1</float_array>
          <technique_common>
            <accessor source="#Controller3-weights-array" count="1" stride="1">
              <param name="WEIGHT" type="float"/>
            </accessor>
          </technique_common>
        </source>
        <joints>
          <input semantic="JOINT" source="#Controller3-joints"/>
          <input semantic="INV_BIND_MATRIX" source="#Controller3-bind_poses"/>
        </joints>
        <vertex_weights count="4">
          <input semantic="JOINT" source="#Controller3-joints" offset="0"/>
          <input semantic="WEIGHT" source="#Controller3-weights" offset="1"/>
          <vcount>1 1 1 1 </vcount>
          <v>1 0 1 0 1 0 1 0</v>
        </vertex_weights>
      </skin>
      <extra>
        <technique profile="FCOLLADA">
          <user_properties>SkinController</user_properties>
        </technique>
      </extra>
    </controller>
  </library_controllers>
  <library_visual_scenes>
    <visual_scene id="VisualSceneNode" name="rdmscene">
      <node id="VisualSceneNode1" name="ROOMITEMS013_ALL" sid="ROOMITEMS013_ALL" type="JOINT">
        <matrix>1 0 0 0 0 1 0 0 0 0 1 0 0 0 0 1</matrix>
        <node id="VisualSceneNode2" name="S013" sid="S013" type="JOINT">
          <matrix>1 0 0 0 0 1 0 0 0 0 1 0 0 0 0 1</matrix>
        </node>
        <node id="VisualSceneNode3" name="S013_shadow" sid="S013_shadow" type="JOINT">
          <matrix>1 0 0 0 0 1 0 0 0 0 1 0 0 0 0 1</matrix>
        </node>
        <node id="VisualSceneNode4" name="polySurface161" sid="polySurface161" type="JOINT">
          <matrix>1 0 0 0 0 1 0 0 0 0 1 0 0 0 0 1</matrix>
        </node>
      </node>
      <node id="VisualSceneNode5" name="_0_0" type="NODE">
        <matrix>1 0 0 0 0 1 0 0 0 0 1 0 0 0 0 1</matrix>
        <instance_controller url="#Controller">
          <skeleton>#VisualSceneNode1</skeleton>
          <bind_material>
            <technique_common>
              <instance_material symbol="VisualMaterial0" target="#VisualMaterial"/>
            </technique_common>
          </bind_material>
        </instance_controller>
      </node>
      <node id="VisualSceneNode6" name="_3_0" type="NODE">
        <matrix>1 0 0 0 0 1 0 0 0 0 1 0 0 0 0 1</matrix>
        <instance_controller url="#Controller1">
          <skeleton>#VisualSceneNode1</skeleton>
          <bind_material>
            <technique_common>
              <instance_material symbol="VisualMaterial0" target="#VisualMaterial"/>
            </technique_common>
          </bind_material>
        </instance_controller>
      </node>
      <node id="VisualSceneNode7" name="_1_0" type="NODE">
        <matrix>1 0 0 0 0 1 0 0 0 0 1 0 0 0 0 1</matrix>
        <instance_controller url="#Controller2">
          <skeleton>#VisualSceneNode1</skeleton>
          <bind_material>
            <technique_common>
              <instance_material symbol="VisualMaterial10" target="#VisualMaterial1"/>
            </technique_common>
          </bind_material>
        </instance_controller>
      </node>
      <node id="VisualSceneNode8" name="_2_0" type="NODE">
        <matrix>1 0 0 0 0 1 0 0 0 0 1 0 0 0 0 1</matrix>
        <instance_controller url="#Controller3">
          <skeleton>#VisualSceneNode1</skeleton>
          <bind_material>
            <technique_common>
              <instance_material symbol="VisualMaterial20" target="#VisualMaterial2"/>
            </technique_common>
          </bind_material>
        </instance_controller>
      </node>
    </visual_scene>
  </library_visual_scenes>
  <scene>
    <instance_visual_scene url="#VisualSceneNode"/>
  </scene>
</COLLADA>
